"subject","total_p"
"sub-0002",1.41413682332754e-08
"sub-0008",8.14843746707409e-09
"sub-0009",5.08907888616696e-09
"sub-0010",3.32477799538827e-09
"sub-0011",1.15924325276075e-07
"sub-0012",3.16049610942632e-09
"sub-0014",6.09182919519818e-09
"sub-0015",7.15359188599035e-09
"sub-0016",5.32499569873634e-09
"sub-0018",5.93329721184964e-09
"sub-0019",3.73916973471147e-09
"sub-0020",2.80222861598493e-09
"sub-0021",1.46162458831245e-08
"sub-0022",3.79077123595783e-08
"sub-0023",4.73584071368832e-09
"sub-0024",1.07359662100111e-08
"sub-0025",4.04792722740424e-09
"sub-0026",4.00411893379103e-09
"sub-0028",6.00497332918388e-09
"sub-0029",4.93010247686916e-09
"sub-0030",3.75724375695489e-09
"sub-0031",4.33323288621433e-09
"sub-0032",3.0076635655178e-09
"sub-0033",2.6753138017472e-09
"sub-0034",3.08453996924033e-09
"sub-0035",5.05572050102612e-09
"sub-0036",9.9874654978559e-09
"sub-0037",4.48946167201613e-09
"sub-0039",3.58196155286514e-09
"sub-0040",3.73900051456588e-09
"sub-0041",3.3959992519704e-09
