"region","mean_p_excl","sub11_p","excess","ratio","is_frontal"
"Cont_PFCl_1 L",1.76561599398673e-10,1.75127155609845e-08,1.73361539615858e-08,99.1875675154089,TRUE
"Default_PFC_13 L",3.5585756175833e-11,1.06792306244682e-08,1.06436448682924e-08,300.098459948441,TRUE
"Cont_OFC_1 L",1.21361085399681e-10,9.28491019843087e-09,9.16354911303119e-09,76.5064861430063,TRUE
"Default_PFC_10 L",4.00768417173218e-11,7.40164391652837e-09,7.36156707481105e-09,184.686307587189,TRUE
"Default_PFC_7 L",7.65617395868680e-11,7.06485657058224e-09,6.98829483099537e-09,92.2765941409462,TRUE
"Cont_PFCl_3 L",2.60752246431679e-11,5.71045708306201e-09,5.68438185841884e-09,218.999343676153,TRUE
"Limbic_OFC_5 L",9.52098031031769e-11,5.40546088808883e-09,5.31025108498565e-09,56.7742050913711,TRUE
"Default_PFC_4 L",4.07517176775649e-11,4.16470819593903e-09,4.12395647826146e-09,102.197120349404,TRUE
"Cont_PFCl_4 L",1.75316187365637e-11,3.87814113439892e-09,3.86060951566236e-09,221.208388835808,TRUE
"Default_PFC_8 L",4.61062817906026e-11,3.40140521630696e-09,3.35529893451636e-09,73.7731407567164,TRUE
"Default_PFC_16 L",2.07010737457977e-11,3.36283972591762e-09,3.34213865217182e-09,162.447598960912,TRUE
"Default_PFC_18 L",9.3628608938603e-12,2.62144826734359e-09,2.61208540644973e-09,279.98368202422,TRUE
"Limbic_OFC_3 L",4.43728388305881e-11,2.42750574745631e-09,2.38313290862572e-09,54.7070192358963,TRUE
"Default_PFC_14 L",2.74283523856405e-11,2.17643512213512e-09,2.14900676974948e-09,79.3498308441796,TRUE
"SalVentAttn_PFCl_1 L",1.56445384517553e-11,2.09733997348974e-09,2.08169543503798e-09,134.062118863879,TRUE
"Limbic_OFC_8 L",2.29263285846104e-11,1.87456093522423e-09,1.85163460663962e-09,81.7645497972386,TRUE
"Limbic_OFC_7 R",4.16201087514363e-11,1.4305965344279e-09,1.38897642567646e-09,34.3727245637851,TRUE
"Default_PFC_2 L",2.17484094118437e-11,1.34997007026089e-09,1.32822166084905e-09,62.0721288024736,TRUE
"Default_PFC_3 L",3.4589856227385e-11,1.23350274229441e-09,1.19891288606703e-09,35.6608230512921,TRUE
"Limbic_OFC_9 R",2.47840637138e-11,1.19480886812575e-09,1.17002480441195e-09,48.2087555101171,TRUE
"Cont_PFCl_8 L",2.6145793349328e-11,1.14183625849441e-09,1.11569046514508e-09,43.6718918121396,TRUE
"Limbic_OFC_2 L",5.33854726630845e-11,1.04315587148267e-09,9.89770398819585e-10,19.5400699749541,TRUE
"Default_PFC_6 L",2.54800702362304e-11,6.53897346778125e-10,6.28417276541895e-10,25.6630904356119,TRUE
"Limbic_OFC_6 L",3.83842259714068e-11,6.42331960491869e-10,6.03947734520462e-10,16.7342689408497,TRUE
"Limbic_TempPole_1 L",8.58183414850313e-11,6.27070434592606e-10,5.41252093107575e-10,7.30695121510803,FALSE
"Cont_PFCl_5 L",2.30982919125858e-11,5.25715143244215e-10,5.02616851331629e-10,22.7599142496664,TRUE
"Limbic_OFC_7 L",4.98058441927516e-11,5.39780679671953e-10,4.89974835479201e-10,10.8376976320885,TRUE
"Default_PFCdPFCm_2 R",1.52449407421858e-11,4.89856260622919e-10,4.74611319880733e-10,32.1323820739683,TRUE
"Limbic_TempPole_9 L",8.22234506656377e-11,5.5607422023889e-10,4.73850769573252e-10,6.76296379849309,FALSE
"Limbic_TempPole_1 R",8.98469042036991e-11,5.48322731545249e-10,4.5847582734155e-10,6.1028561462964,FALSE
"Limbic_OFC_4 L",3.93535016990023e-11,4.8746968815671e-10,4.48116186457708e-10,12.386945687455,TRUE
"Default_PFC_11 L",1.33529642248677e-11,4.48563009537227e-10,4.35210045312359e-10,33.5927665186021,TRUE
"Limbic_TempPole_4 L",6.79342986824128e-11,5.01394496651717e-10,4.33460197969304e-10,7.38057956549599,FALSE
"Limbic_OFC_4 R",4.67663233472651e-11,4.55086500291823e-10,4.08320176944558e-10,9.73107286866579,TRUE
"Default_PFCdPFCm_5 R",1.30058048868644e-11,3.36248124198693e-10,3.23242319311829e-10,25.8536958783917,TRUE
"Default_PFCdPFCm_6 R",1.03869045450268e-11,3.27289593590779e-10,3.16902689045752e-10,31.5098297256889,TRUE
"Default_PFC_5 L",9.27356438353622e-11,3.81978930146209e-10,2.89243286310847e-10,4.11900876888668,TRUE
"Default_PFC_21 L",2.14453961650357e-11,2.94180786429642e-10,2.72735390264606e-10,13.7176662144983,TRUE
"Limbic_TempPole_5 L",1.8593794030283e-11,2.86116743785308e-10,2.67522949755025e-10,15.3877548239655,FALSE
"Cont_PFCl_5 R",5.33955030558596e-11,2.99486248858487e-10,2.46090745802627e-10,5.60882905336016,TRUE
"Limbic_TempPole_2 R",3.0462661431157e-11,2.65958666006298e-10,2.35496004575141e-10,8.73064445164588,FALSE
"Default_PFCdPFCm_1 R",2.88926615460987e-11,2.59764224449337e-10,2.30871562903238e-10,8.99066442995842,TRUE
"Limbic_OFC_8 R",2.38397903971072e-11,2.37387843075966e-10,2.13548052678859e-10,9.95763130135452,TRUE
"Default_Temp_3 L",1.92149949245471e-11,2.19485572584631e-10,2.00270577660084e-10,11.4226193369554,FALSE
"Limbic_TempPole_3 L",2.83841534219389e-11,2.2527138367456e-10,1.96887230252621e-10,7.93651937846565,FALSE
"Default_PFCdPFCm_8 R",2.98602878832429e-11,2.21559264360758e-10,1.91698976477515e-10,7.4198636405342,TRUE
"SalVentAttn_PFCl_2 L",6.53358010872421e-12,1.92079642749155e-10,1.85546062640431e-10,29.3988348734981,TRUE
"Limbic_TempPole_10 L",7.18638971769772e-12,1.86088359361436e-10,1.78901969643738e-10,25.894554382872,FALSE
"Cont_PFCl_2 L",3.93670403350061e-11,2.04058017730809e-10,1.64690977395803e-10,5.18347368748867,TRUE
"Default_PFCdPFCm_3 R",2.13066961601424e-12,1.5585627109197e-10,1.53725601475956e-10,73.1489621481177,TRUE
"SomMot_1 L",8.92312017839831e-12,1.50942370512284e-10,1.42019250333886e-10,16.9158733149975,FALSE
"Cont_PFCl_9 L",1.1779875788641e-11,1.4840257447997e-10,1.36622698691329e-10,12.5979744729626,TRUE
"Limbic_TempPole_4 R",2.95677338648002e-11,1.60056913922522e-10,1.30489180057722e-10,5.41322898313376,FALSE
"Limbic_OFC_6 R",3.9176329116734e-11,1.66786302587383e-10,1.27609973470649e-10,4.25732339776931,TRUE
"Cont_PFCl_11 L",1.47044770710554e-11,1.42210114602275e-10,1.2750563753122e-10,9.67121196592596,TRUE
"Default_Temp_1 R",6.95306010788991e-11,1.92782945219874e-10,1.23252344140975e-10,2.77263452679081,FALSE
"Cont_PFCv_2 L",3.20991263618543e-12,1.23839913926866e-10,1.20630001290681e-10,38.5804624496054,TRUE
"Default_PFCdPFCm_4 R",1.34222584778252e-11,1.30411747402464e-10,1.16989488924639e-10,9.71608076374896,TRUE
"Limbic_TempPole_3 R",2.53168775848238e-11,1.33106550772323e-10,1.07789673187499e-10,5.25762113935067,FALSE
"Cont_PFCl_8 R",3.84927179037645e-11,1.42660249250045e-10,1.04167531346281e-10,3.70616202281973,TRUE
"Limbic_OFC_5 R",2.0579876154654e-11,1.23040012049336e-10,1.02460135894682e-10,5.97865658299946,TRUE
"Limbic_TempPole_2 L",3.24858307062937e-11,1.30979435774918e-10,9.84936050686243e-11,4.03189430367691,FALSE
"Default_PFC_9 L",2.50243421391384e-11,1.18186352053234e-10,9.31620099140956e-11,4.72285550589516,TRUE
"Limbic_OFC_2 R",3.50097727041094e-11,1.27530967274369e-10,9.25211945702596e-11,3.64272480007846,TRUE
"Default_PFC_12 L",1.80675653116114e-11,1.0313337155026e-10,8.50658062386486e-11,5.7082052712426,TRUE
"Default_PFCdPFCm_12 R",1.2684740351879e-11,9.57507546359621e-11,8.30660142840831e-11,7.54849937640062,TRUE
"Default_PFC_15 L",4.06765618605336e-12,8.68990228239923e-11,8.2831366637939e-11,21.3634139291173,TRUE
"Cont_PFCl_13 R",1.69442366369107e-11,9.89293097432864e-11,8.19850731063756e-11,5.83852267075769,TRUE
"Limbic_TempPole_8 R",1.52245930333008e-11,9.31546677009177e-11,7.79300746676169e-11,6.11869673607436,FALSE
"Default_PFCdPFCm_10 R",9.11072459269572e-12,8.50496420928543e-11,7.59389175001586e-11,9.3351128362546,TRUE
"SalVentAttn_PFCl_1 R",1.69714615788976e-11,9.07589571408157e-11,7.37874955619181e-11,5.34773959914364,TRUE
"Cont_PFCl_7 L",8.70919468529655e-12,7.99765301152254e-11,7.12673354299289e-11,9.18299946265378,TRUE
"Default_PFC_20 L",7.47024295331173e-12,6.74407219290075e-11,5.99704789756958e-11,9.02791547082274,TRUE
"Limbic_TempPole_10 R",1.50803105151866e-11,7.24225070834531e-11,5.73421965682665e-11,4.80245463185391,FALSE
"Limbic_TempPole_11 L",1.71732635944925e-11,7.23391296726024e-11,5.51658660781099e-11,4.21231114718356,FALSE
"Cont_PFCl_4 R",4.6186245610644e-11,9.78708910611859e-11,5.16846454505419e-11,2.11904842593724,TRUE
"Limbic_OFC_1 L",3.22554983606799e-12,5.35221199576295e-11,5.02965701215615e-11,16.5931771876989,TRUE
"Default_PFCdPFCm_7 R",4.73208154972151e-12,5.44618824188701e-11,4.97298008691486e-11,11.5090752022385,TRUE
"Limbic_OFC_3 R",8.81904019647082e-12,5.68656046615164e-11,4.80465644650456e-11,6.44804915213707,TRUE
"Default_Temp_6 L",9.07004724190426e-12,5.70731195753263e-11,4.8003072333422e-11,6.29248316498777,FALSE
"Default_Temp_2 R",4.42040340344199e-11,9.10885669299015e-11,4.68845328954816e-11,2.06063923620579,FALSE
"Cont_PFCl_2 R",1.04266413467885e-10,1.50127120875615e-10,4.586070740773e-11,1.43984161229307,TRUE
"Limbic_TempPole_5 R",1.41915559741057e-11,5.90644064607288e-11,4.48728504866231e-11,4.16194014021431,FALSE
"Default_PFC_23 L",2.33981027564361e-11,6.4791921159736e-11,4.13938184032998e-11,2.76911003572346,TRUE
"Limbic_TempPole_14 L",4.44782492871496e-12,4.57408253226211e-11,4.12930003939061e-11,10.2838636987082,FALSE
"Limbic_TempPole_12 L",1.01346041863571e-11,4.99477242674531e-11,3.9813120081096e-11,4.92843364664316,FALSE
"Default_Temp_5 L",2.5983242889694e-11,6.39327358979193e-11,3.79494930082253e-11,2.46053720735827,FALSE
"Default_PFC_17 L",2.6918751028183e-12,3.85683044444796e-11,3.58764293416613e-11,14.327672336692,TRUE
"SomMot_16 L",6.02987923128105e-12,4.11369154433667e-11,3.51070362120856e-11,6.82217899654802,FALSE
"Default_Temp_1 L",3.4023354218128e-11,6.89079626016948e-11,3.48846083835668e-11,2.02531361722648,FALSE
"Vis_15 L",5.30203670379661e-11,8.78160542974567e-11,3.47956872594906e-11,1.65627020715595,FALSE
"Default_PFCdPFCm_11 R",6.86594388813177e-12,4.12110827246962e-11,3.43451388365644e-11,6.00224577948157,TRUE
"Default_Temp_7 L",1.56268741749855e-11,4.949545839404e-11,3.38685842190545e-11,3.16732942492549,FALSE
"Cont_PFCl_12 L",7.84397446258141e-12,4.08924387021527e-11,3.30484642395713e-11,5.21322945366847,TRUE
"Default_PFC_19 L",1.34410674320899e-11,4.62455677924745e-11,3.28045003603846e-11,3.4406171999454,TRUE
"Limbic_TempPole_6 R",2.69931545105972e-11,5.97735588531802e-11,3.2780404342583e-11,2.21439694385159,FALSE
"Vis_1 R",1.08869553275119e-11,4.34829564879199e-11,3.2596001160408e-11,3.99404196855996,FALSE
"Default_PFCv_1 R",6.2622801876441e-12,3.87873630326323e-11,3.25250828449882e-11,6.19380830470703,TRUE
"SalVentAttn_FrOperIns_4 L",2.86185195146023e-12,3.37793017582204e-11,3.09174498067602e-11,11.803301614182,TRUE
"Default_PFCdPFCm_13 R",6.94589838487314e-12,3.75087976960489e-11,3.05628993111758e-11,5.4001362556262,TRUE
"Cont_PFCl_15 R",1.45479557408345e-11,4.41974587054607e-11,2.96495029646262e-11,3.03805287098882,TRUE
"SomMot_19 L",6.27503456145628e-12,3.56864890787033e-11,2.9411454517247e-11,5.68705856982904,FALSE
"Default_PFCdPFCm_9 R",2.28747977281599e-12,3.04432877327901e-11,2.81558079599741e-11,13.3086587669857,TRUE
"Limbic_OFC_1 R",4.77259270232976e-12,2.91908804710173e-11,2.44182877686875e-11,6.11635693462124,TRUE
"Limbic_TempPole_7 L",3.79043138650837e-12,2.81436042920405e-11,2.43531729055321e-11,7.42490799126838,FALSE
"SalVentAttn_FrOperIns_6 L",2.09509755064907e-12,2.62665162016355e-11,2.41714186509864e-11,12.5371327905462,TRUE
"Vis_13 L",1.00950055918304e-11,3.28621102973737e-11,2.27671047055433e-11,3.25528401133013,FALSE
"Vis_4 R",1.57221867866228e-11,3.78712342078538e-11,2.2149047421231e-11,2.40877650938967,FALSE
"Cont_PFCl_17 R",1.50139266451073e-11,3.71605416855869e-11,2.21466150404796e-11,2.47507148289529,TRUE
"Vis_12 L",4.41224760932225e-12,2.64569526642102e-11,2.2044705054888e-11,5.99625293202304,FALSE
"Default_Temp_9 L",8.83011824047041e-12,3.07253179051676e-11,2.18951996646972e-11,3.47960435731728,FALSE
"Default_PFC_28 L",1.62811609062052e-11,3.78339606413632e-11,2.1552799735158e-11,2.32378764999144,TRUE
"Default_PFC_1 L",1.02690827727771e-12,2.23704948260492e-11,2.13435865487715e-11,21.7843164000512,TRUE
"Vis_8 L",2.98290316908569e-11,5.03890881464095e-11,2.05600564555526e-11,1.68926328781416,FALSE
"Vis_3 R",1.57338205630078e-12,2.19475133349444e-11,2.03741312786436e-11,13.9492586985171,FALSE
"DorsAttn_PrCv_2 L",9.78439249337651e-12,2.96347330041096e-11,1.98503405107331e-11,3.02877598421881,FALSE
"Vis_12 R",1.87693826940476e-11,3.84626353356566e-11,1.9693252641609e-11,2.04922218075155,FALSE
"Cont_Par_7 R",8.11554358510528e-12,2.74516150996272e-11,1.93360715145219e-11,3.38259721135748,FALSE
"Default_PFC_25 L",1.01902424010605e-11,2.88815805816105e-11,1.869133818055e-11,2.83423881836264,TRUE
"Cont_PFCd_2 L",7.63512202751824e-12,2.61915850819809e-11,1.85564630544627e-11,3.43040818307581,TRUE
"SomMot_20 L",9.99581852400792e-12,2.8444607676804e-11,1.84487891527961e-11,2.84565066967611,FALSE
"SalVentAttn_FrOperIns_10 L",7.55255446693157e-12,2.54446630927167e-11,1.78921086257851e-11,3.3690141797884,TRUE
"Default_PFCdPFCm_17 R",1.0490351181754e-11,2.80255396789296e-11,1.75351884971756e-11,2.67155400170729,TRUE
"SomMot_2 L",4.86814182112493e-12,2.2351755049156e-11,1.74836132280311e-11,4.59143465216281,FALSE
"SomMot_27 R",8.05678186393665e-12,2.53602773266713e-11,1.73034954627347e-11,3.14769318010056,FALSE
"Cont_PFCl_1 R",3.56337065637997e-11,5.14755000640645e-11,1.58417935002648e-11,1.44457327143055,TRUE
"Cont_PFCmp_1 R",3.64535100079221e-12,1.91443184609869e-11,1.54989674601947e-11,5.25170784838729,TRUE
"SomMot_15 L",3.91689687656689e-12,1.93572150479315e-11,1.54403181713646e-11,4.94197719723932,FALSE
"Vis_3 L",3.114336900515e-12,1.769538617729e-11,1.4581049276775e-11,5.68191134824361,FALSE
"DorsAttn_Post_2 R",2.04002894334999e-11,3.42746393260854e-11,1.38743498925855e-11,1.68010554153227,FALSE
"Limbic_TempPole_7 R",8.83252451256888e-12,2.27021370830858e-11,1.38696125705169e-11,2.57028860217485,FALSE
"Vis_13 R",3.36120525083685e-12,1.69676407096218e-11,1.36064354587849e-11,5.04808229292076,FALSE
"Vis_9 L",1.33025425662672e-12,1.46505980981042e-11,1.33203438414775e-11,11.013381859236,FALSE
"SalVentAttn_FrOperIns_9 L",4.19123039117125e-12,1.73523211329242e-11,1.3161090741753e-11,4.14014967286851,TRUE
"DorsAttn_Post_1 L",6.91706129322492e-12,1.99341215092258e-11,1.30170602160009e-11,2.88187724008616,FALSE
"Default_PFC_24 L",1.09348313920261e-11,2.34702807315814e-11,1.25354493395553e-11,2.14637792665887,TRUE
"Default_Par_7 R",8.83686324012133e-12,2.09610945371912e-11,1.21242312970699e-11,2.37200621619028,FALSE
"Vis_10 L",8.88704329027168e-12,2.0959765702165e-11,1.20727224118933e-11,2.35846332886764,FALSE
"Default_Temp_11 L",8.57503144713592e-12,2.05090331503113e-11,1.19340017031754e-11,2.39171521139568,FALSE
"Cont_Par_7 L",9.30629358004472e-12,2.1144031060001e-11,1.18377374799563e-11,2.27201418890757,FALSE
"Vis_7 R",4.02872794307704e-12,1.58013660324577e-11,1.17726380893807e-11,3.92217252088485,FALSE
"Default_PFC_26 L",8.10186271014068e-12,1.97947144854738e-11,1.16928517753331e-11,2.44323005630517,TRUE
"SalVentAttn_FrOperIns_7 L",1.18368309636051e-12,1.25682524269636e-11,1.13845693306031e-11,10.617920003764,TRUE
"DorsAttn_Post_11 R",6.65581485696366e-12,1.79844595204623e-11,1.13286446634986e-11,2.70206727605201,FALSE
"Vis_20 R",2.61130842489265e-12,1.38932115858125e-11,1.12819031609199e-11,5.32040239037779,FALSE
"Vis_4 L",8.93341989004032e-12,2.02139849526566e-11,1.12805650626163e-11,2.26273758554579,FALSE
"Limbic_TempPole_6 L",1.29625005347351e-11,2.41887597556677e-11,1.12262592209326e-11,1.86605660619646,FALSE
"Limbic_TempPole_8 L",1.07796834585558e-11,2.19779871375798e-11,1.1198303679024e-11,2.03883418488843,FALSE
"SomMot_53 L",1.45490097144853e-11,2.54544431793876e-11,1.09054334649023e-11,1.74956534354669,FALSE
"Limbic_TempPole_13 L",1.70417305323028e-12,1.25891209946301e-11,1.08849479413998e-11,7.38723157883952,FALSE
"SalVentAttn_FrOperIns_5 R",4.55120862359307e-12,1.5427544883335e-11,1.08763362597419e-11,3.38976877556435,TRUE
"Vis_5 R",9.51290652073944e-12,2.01265925093163e-11,1.06136859885769e-11,2.11571431564449,FALSE
"DorsAttn_Post_21 R",6.1790745537094e-12,1.65677951524188e-11,1.03887205987094e-11,2.68127451909006,FALSE
"Cont_PFCl_6 L",6.14187912343432e-12,1.64160490809494e-11,1.02741699575151e-11,2.67280562691539,TRUE
"DorsAttn_Post_1 R",4.69417700000394e-12,1.49363084128315e-11,1.02421314128276e-11,3.18188010652751,FALSE
"SalVentAttn_FrOperIns_11 L",4.9284320219089e-12,1.51447004671238e-11,1.02162684452149e-11,3.07292469487241,TRUE
"DorsAttn_FEF_1 L",8.76987208971889e-12,1.89774154114499e-11,1.0207543321731e-11,2.16393297613742,TRUE
"Vis_16 L",2.68425480335973e-11,3.69221738313771e-11,1.00796257977798e-11,1.37550927673348,FALSE
"Vis_14 R",7.81550269009563e-12,1.78538469481099e-11,1.00383442580143e-11,2.28441440762801,FALSE
"DorsAttn_Post_27 L",1.67278044272898e-11,2.66806906010188e-11,9.95288617372898e-12,1.59499058689925,FALSE
"Default_PFCdPFCm_18 R",1.13137120739096e-11,2.11190654740804e-11,9.80535340017078e-12,1.8666787112943,TRUE
"Vis_1 L",9.69393316651782e-13,1.067988584245e-11,9.71049252579822e-12,11.017082188412,FALSE
"Cont_PFCv_1 L",1.15981626860277e-12,1.07719875470679e-11,9.61217127846513e-12,9.28766722684873,TRUE
"SalVentAttn_FrOperIns_3 L",1.68625023733411e-12,1.11725043974878e-11,9.48625416015369e-12,6.62565030392585,TRUE
"Vis_9 R",2.15315040829414e-11,3.08648019608029e-11,9.33329787786146e-12,1.43347170926419,FALSE
"DorsAttn_Post_19 R",1.11668629055461e-11,2.03828228238249e-11,9.21595991827882e-12,1.82529533999219,FALSE
"Vis_6 R",2.26164140569946e-12,1.12701606736606e-11,9.00851926796114e-12,4.98317754762501,FALSE
"Default_PFC_29 L",8.40877045172707e-12,1.73141172877035e-11,8.90534683597642e-12,2.05905457725361,TRUE
"Cont_Temp_1 L",1.12382778950933e-11,2.01343860627407e-11,8.89610816764738e-12,1.79158997941593,FALSE
"Default_PFCdPFCm_14 R",9.3106010344704e-12,1.81268202017146e-11,8.8162191672442e-12,1.94690118657261,TRUE
"Vis_23 R",3.86440580366422e-12,1.24439491593381e-11,8.57954335567388e-12,3.22014555188246,FALSE
"Vis_17 R",4.22211315593499e-11,5.05022441591457e-11,8.28111259979578e-12,1.19613668070822,FALSE
"SalVentAttn_Med_1 R",1.82974614542126e-12,9.86623191205784e-12,8.03648576663658e-12,5.39213154608743,FALSE
"Vis_7 L",1.32527764671916e-11,2.11351836861726e-11,7.88240721898103e-12,1.59477402629514,FALSE
"Default_Temp_4 L",1.77277252231946e-11,2.54676913842262e-11,7.73996616103162e-12,1.43660233129656,FALSE
"DorsAttn_Post_17 R",4.19898370940383e-12,1.16178797305668e-11,7.41889602116297e-12,2.76683134172395,FALSE
"Default_PFC_27 L",1.06873559671128e-11,1.80911185900684e-11,7.40376262295564e-12,1.69275905525544,TRUE
"DorsAttn_Post_16 R",2.12661126157795e-12,9.53019339715494e-12,7.40358213557699e-12,4.48139891353888,FALSE
"DorsAttn_Post_12 R",2.19726486887561e-12,9.28158585246503e-12,7.08432098358942e-12,4.22415430380709,FALSE
"Default_Temp_2 L",3.48771507560946e-11,4.18413084749782e-11,6.96415771888362e-12,1.19967679606588,FALSE
"Vis_2 R",4.68385934560409e-12,1.16049594384805e-11,6.92110009287641e-12,2.47764900313926,FALSE
"Cont_PFCmp_2 R",5.46653061217805e-12,1.22440014953551e-11,6.77747088317705e-12,2.23981211558178,TRUE
"Vis_28 L",4.64136986281267e-12,1.1303317400657e-11,6.66194753784433e-12,2.43534080126232,FALSE
"SalVentAttn_FrOperIns_8 L",1.2049220063897e-12,7.81891733670027e-12,6.61399533031057e-12,6.48914809028017,TRUE
"DorsAttn_Post_31 R",1.37073924789736e-11,2.0243835678369e-11,6.53644319939537e-12,1.47685533258217,FALSE
"Cont_PFCv_1 R",3.33505722182637e-12,9.86019991728193e-12,6.52514269545556e-12,2.95653095627613,TRUE
"SomMot_21 R",8.3130816443088e-12,1.46988444504613e-11,6.3857628061525e-12,1.76815831714154,FALSE
"Vis_27 R",7.95887725623219e-12,1.41894744503978e-11,6.23059719416561e-12,1.78284876039353,FALSE
"Default_Temp_8 L",2.35696244192471e-12,8.53717405554483e-12,6.18021161362012e-12,3.62210865293778,FALSE
"Default_PFCv_2 R",3.05760543412013e-11,3.66764387733647e-11,6.10038443216338e-12,1.19951509648984,TRUE
"Cont_Par_3 R",9.83495188130341e-12,1.57315589149596e-11,5.89660703365619e-12,1.59955626675366,FALSE
"DorsAttn_Post_24 R",3.92039574296551e-12,9.79735990915773e-12,5.87696416619222e-12,2.49907421380544,FALSE
"Default_PFCv_3 R",1.59412856038189e-11,2.17703315876393e-11,5.82904598382039e-12,1.36565720787437,TRUE
"SalVentAttn_FrOperIns_10 R",7.2591066555611e-12,1.28730068451197e-11,5.6139001895586e-12,1.77335965097825,TRUE
"Vis_16 R",1.14054749073311e-12,6.48665372815362e-12,5.34610623742051e-12,5.68731576796001,FALSE
"Default_Par_6 R",5.6479260219753e-12,1.08648323042501e-11,5.21690628227481e-12,1.92368530713337,FALSE
"SomMot_25 L",8.21657167058132e-12,1.32110178389886e-11,4.99444616840728e-12,1.60785037466288,FALSE
"Cont_Par_2 L",1.57448418754265e-11,2.07091100606144e-11,4.96426818518785e-12,1.31529488987347,FALSE
"Cont_Cing_2 L",7.64980806925612e-13,5.6405531779251e-12,4.87557237099949e-12,7.37345712057008,FALSE
"SomMot_18 L",6.58245763426487e-12,1.14434828657364e-11,4.86102523147153e-12,1.73848181052735,FALSE
"Vis_31 R",4.49906307457679e-12,9.26769479300423e-12,4.76863171842744e-12,2.05991661805631,FALSE
"SomMot_10 L",7.83363252599025e-13,5.55167857033626e-12,4.76831531773724e-12,7.08697855294721,FALSE
"Vis_2 L",4.42667862788099e-12,9.18973596349062e-12,4.76305733560963e-12,2.07598896057419,FALSE
"Vis_19 R",9.26305095030379e-12,1.39608966727478e-11,4.69784572244401e-12,1.50715965481005,FALSE
"Default_Temp_10 L",1.8550142909916e-12,6.30273367876446e-12,4.44771938777286e-12,3.39767392055796,FALSE
"Cont_PFCmp_3 R",3.63709554460282e-12,7.98483159747284e-12,4.34773605287002e-12,2.19538681333839,TRUE
"SalVentAttn_ParOper_6 L",8.78545182007021e-12,1.31310508030369e-11,4.34559898296669e-12,1.49463579926979,FALSE
"Vis_5 L",2.67545774622922e-12,7.00642982999265e-12,4.33097208376343e-12,2.61877797915795,FALSE
"Vis_29 R",1.99042631638331e-12,6.25357825541809e-12,4.26315193903478e-12,3.14182856403401,FALSE
"SomMot_21 L",1.07273044209239e-11,1.49437005288456e-11,4.21639610792168e-12,1.39305271319582,FALSE
"DorsAttn_FEF_2 L",2.97180550986189e-12,7.17217295762135e-12,4.20036744775946e-12,2.41340590217651,TRUE
"Vis_21 L",1.52285637459233e-12,5.70425061077828e-12,4.18139423618595e-12,3.74575745024236,FALSE
"DorsAttn_Post_14 R",7.51288775726739e-12,1.16595495174838e-11,4.14666176021641e-12,1.55193979920773,FALSE
"Default_PFC_22 L",6.76378750556267e-12,1.09014680689588e-11,4.13768056339613e-12,1.6117401766382,TRUE
"SalVentAttn_TempOccPar_7 R",4.99194638437366e-12,9.06755924754129e-12,4.07561286316763e-12,1.81643762760064,FALSE
"SalVentAttn_Med_1 L",1.98179723749679e-12,6.02602223942583e-12,4.04422500192904e-12,3.04068555824476,FALSE
"SalVentAttn_FrOperIns_5 L",1.09733266522871e-12,5.13022861970753e-12,4.03289595447882e-12,4.67518081095151,TRUE
"Default_Temp_7 R",1.18838317292872e-11,1.56694639692629e-11,3.78563223997567e-12,1.31855316754832,FALSE
"Default_PFCdPFCm_15 R",8.63063355446877e-12,1.24006971982873e-11,3.77006364381853e-12,1.43682351011954,TRUE
"DorsAttn_Post_8 R",1.29325433520487e-12,5.03621037877864e-12,3.74295604357377e-12,3.89421495964352,FALSE
"DorsAttn_Post_22 L",1.08208890986337e-11,1.45475359177721e-11,3.72664681913837e-12,1.3443937725606,FALSE
"DorsAttn_PrCv_1 L",2.76923003462676e-12,6.37653271423675e-12,3.60730267960999e-12,2.30263742430346,FALSE
"DorsAttn_Post_5 L",1.04558178879886e-11,1.40428102508482e-11,3.58699236285964e-12,1.34306186290604,FALSE
"DorsAttn_Post_13 R",2.81233458695468e-12,6.39546404110914e-12,3.58312945415446e-12,2.27407651663326,FALSE
"Vis_22 L",8.22071965731014e-12,1.17582391312005e-11,3.53751947389036e-12,1.43031749303659,FALSE
"Default_pCunPCC_4 R",1.17252787031183e-12,4.65821949747442e-12,3.48569162716259e-12,3.97280066036774,FALSE
"SalVentAttn_Med_2 R",1.44315659204451e-12,4.88761756805633e-12,3.44446097601182e-12,3.38675483658503,FALSE
"SalVentAttn_ParOper_5 L",1.43315814276489e-11,1.77435195560545e-11,3.41193812840559e-12,1.23807129350172,FALSE
"Default_pCunPCC_3 R",1.82178733790302e-12,5.15190522954615e-12,3.33011789164313e-12,2.82793996991783,FALSE
"SomMot_44 L",8.54697410556673e-12,1.18449821593074e-11,3.29800805374067e-12,1.38586849720214,FALSE
"Cont_Par_5 R",9.42513655250123e-12,1.27207461728982e-11,3.29560962039696e-12,1.34966173721084,FALSE
"SalVentAttn_FrOperIns_1 L",7.21760649596458e-13,3.95243890383599e-12,3.23067825423953e-12,5.47610749636438,TRUE
"SalVentAttn_TempOccPar_1 R",4.70481894402113e-12,7.93008967935009e-12,3.22527073532896e-12,1.68552494234186,FALSE
"Default_PFCdPFCm_16 R",4.48622854435401e-12,7.68225813746458e-12,3.19602959311057e-12,1.71240900045827,TRUE
"SomMot_22 L",5.81512554583866e-12,8.86860422887682e-12,3.05347868303816e-12,1.52509247805032,FALSE
"DorsAttn_PrCv_1 R",2.05465028610744e-12,5.06873351183486e-12,3.01408322572742e-12,2.46695680822532,FALSE
"SalVentAttn_Med_2 L",2.54413780431063e-12,5.50330162936162e-12,2.95916382505099e-12,2.16313032259383,FALSE
"Cont_PFCmp_1 L",5.10828968684317e-12,8.0506860586083e-12,2.94239637176513e-12,1.5760042112223,TRUE
"SomMot_13 R",1.52910170495244e-12,4.44962989303205e-12,2.92052818807961e-12,2.90996333247202,FALSE
"DorsAttn_Post_9 R",1.75542764901754e-12,4.63587377349441e-12,2.88044612447687e-12,2.6408800021402,FALSE
"Default_Par_1 R",1.29903658881593e-12,4.17489747501509e-12,2.87586088619916e-12,3.21384132745676,FALSE
"DorsAttn_PrCv_3 L",8.15210398805801e-12,1.10267508568405e-11,2.87464686878249e-12,1.35262637387766,FALSE
"Default_Par_8 L",8.15497121198694e-12,1.09539122816011e-11,2.79894106961416e-12,1.34321900063853,FALSE
"SomMot_22 R",6.38948447548074e-12,9.18586074108008e-12,2.79637626559934e-12,1.4376528773691,FALSE
"SomMot_7 L",6.12889467287442e-13,3.40508875963785e-12,2.79219929235041e-12,5.55579585126217,FALSE
"Vis_11 R",1.03285923503018e-11,1.30693428718583e-11,2.74075052155654e-12,1.26535566789762,FALSE
"Vis_18 R",5.16189952124264e-12,7.88676531381414e-12,2.7248657925715e-12,1.52788044039949,FALSE
"Vis_35 R",2.75129630730685e-12,5.31231365846875e-12,2.5610173511619e-12,1.9308402531419,FALSE
"SomMot_9 L",6.87498373654437e-13,3.24256828658284e-12,2.5550699129284e-12,4.71647411956305,FALSE
"Cont_PFCl_22 R",5.54571047867823e-12,8.08251647928102e-12,2.53680600060279e-12,1.45743570825706,TRUE
"DorsAttn_Post_5 R",3.62052551521084e-12,6.10526354491021e-12,2.48473802969937e-12,1.6862920919243,FALSE
"Default_Par_7 L",1.52041204969783e-11,1.76838992605394e-11,2.4797787635611e-12,1.163099125928,FALSE
"DorsAttn_Post_16 L",2.99669095808449e-12,5.42983142127202e-12,2.43314046318753e-12,1.81194240487942,FALSE
"Cont_PFCl_20 R",1.09291996924166e-11,1.33176080910028e-11,2.38840839858618e-12,1.21853461056654,TRUE
"SalVentAttn_FrOperIns_6 R",1.92994495200434e-12,4.30189212259194e-12,2.3719471705876e-12,2.22902322583047,TRUE
"SomMot_29 L",1.54542417583352e-11,1.78119911992016e-11,2.35774944086636e-12,1.15256325594847,FALSE
"DorsAttn_Post_27 R",4.40582256682052e-12,6.700652603545e-12,2.29483003672448e-12,1.52086301750017,FALSE
"Default_Par_2 R",2.61420241754498e-12,4.89954265044713e-12,2.28534023290215e-12,1.87420171351855,FALSE
"Cont_PFCl_13 L",2.79832040228246e-12,5.07091810029708e-12,2.27259769801462e-12,1.81212919584225,TRUE
"SomMot_8 L",1.01494162849933e-12,3.19929461226492e-12,2.18435298376559e-12,3.15219567552403,FALSE
"SalVentAttn_TempOccPar_3 R",1.69224912712345e-12,3.84509436980043e-12,2.15284524267698e-12,2.27217985116439,FALSE
"DorsAttn_Post_30 R",8.45433860415637e-12,1.05951652989196e-11,2.14082669476323e-12,1.25322225605096,FALSE
"Cont_PFCl_18 R",5.98568559604933e-12,8.12545848621508e-12,2.13977289016575e-12,1.35748167120205,TRUE
"Cont_PFCl_11 R",2.01009904779326e-11,2.22355359123525e-11,2.13454543441991e-12,1.10619105743885,TRUE
"SomMot_12 R",1.23848669504003e-12,3.34567512126058e-12,2.10718842622055e-12,2.70142193263727,FALSE
"Default_Par_4 R",3.70297620468092e-12,5.77601618368834e-12,2.07303997900742e-12,1.55983075894112,FALSE
"Cont_PFCl_14 R",2.6295558989713e-12,4.68460651691974e-12,2.05505061794844e-12,1.7815200349049,TRUE
"SalVentAttn_Med_3 R",1.56416740966293e-12,3.59852419914033e-12,2.0343567894774e-12,2.3006004196928,FALSE
"SalVentAttn_FrOperIns_4 R",1.44171881553665e-12,3.4605559493792e-12,2.01883713384255e-12,2.40029880451485,TRUE
"Cont_PFCl_23 R",1.94031744386973e-12,3.93143715382401e-12,1.99111970995428e-12,2.02618245083817,TRUE
"Cont_Par_4 L",7.41180001478821e-12,9.39706117794176e-12,1.98526116315355e-12,1.26785142059857,FALSE
"DorsAttn_Post_12 L",9.16760797537505e-12,1.11452563736307e-11,1.97764839825565e-12,1.21572130959,FALSE
"SalVentAttn_Med_6 R",1.40451751192709e-12,3.37535595093105e-12,1.97083843900396e-12,2.40321385975447,FALSE
"SomMot_5 R",6.61138150608751e-13,2.53815458860806e-12,1.87701643799931e-12,3.83906840993977,FALSE
"SomMot_38 L",4.20477524177845e-12,6.06656267878002e-12,1.86178743700157e-12,1.44277929971213,FALSE
"SalVentAttn_TempOccPar_8 R",7.07995844305691e-12,8.9044401732376e-12,1.82448173018069e-12,1.2576966722128,FALSE
"Vis_25 L",6.51770814602712e-13,2.45492049836432e-12,1.80314968376161e-12,3.76653946964582,FALSE
"Cont_PFCl_10 L",2.11364651326513e-12,3.91408904301034e-12,1.80044252974521e-12,1.85181818172799,TRUE
"Default_pCunPCC_11 R",1.05548179048037e-12,2.85525267934181e-12,1.79977088886144e-12,2.70516526679472,FALSE
"Vis_31 L",1.88743099980881e-12,3.64912613417598e-12,1.76169513436717e-12,1.93338253665729,FALSE
"Cont_Cing_4 L",7.40806665646732e-13,2.48830071458094e-12,1.74749404893421e-12,3.35890702658382,FALSE
"SomMot_15 R",8.23258546874545e-12,9.95243610833605e-12,1.7198506395906e-12,1.20890771752324,FALSE
"Default_PHC_1 L",3.14078667055412e-12,4.84486090241516e-12,1.70407423186104e-12,1.54256287058185,FALSE
"Default_pCunPCC_1 L",1.48710864524417e-12,3.18535051491172e-12,1.69824186966755e-12,2.14197565530843,FALSE
"SomMot_6 R",8.83229790227878e-13,2.57075997388004e-12,1.68753018365216e-12,2.91063549069916,FALSE
"Vis_32 L",6.57053893579918e-12,8.25425066460924e-12,1.68371172881006e-12,1.25625169339405,FALSE
"SalVentAttn_Med_7 L",2.04097876596856e-12,3.68452948027475e-12,1.64355071430619e-12,1.80527575382502,FALSE
"Vis_27 L",1.7571307915262e-11,1.91887136752142e-11,1.61740575995225e-12,1.09204811433231,FALSE
"Default_pCunPCC_14 R",2.44773266082129e-12,4.06418392103533e-12,1.61645126021404e-12,1.66038717629877,FALSE
"SalVentAttn_TempOccPar_2 R",4.89820694180246e-12,6.50216726494815e-12,1.60396032314569e-12,1.32745866848889,FALSE
"DorsAttn_Post_28 L",5.63988433581033e-12,7.24026343915327e-12,1.60037910334294e-12,1.28376097949055,FALSE
"Vis_20 L",1.31130835543802e-12,2.90648890429643e-12,1.59518054885841e-12,2.21648012249992,FALSE
"SalVentAttn_FrOperIns_3 R",5.06704566623019e-12,6.64476828623779e-12,1.5777226200076e-12,1.31136933115138,TRUE
"SomMot_3 L",6.80303939997784e-13,2.23404674199502e-12,1.55374280199724e-12,3.28389505138291,FALSE
"SomMot_29 R",5.59419737473975e-12,7.12087425588191e-12,1.52667688114216e-12,1.27290364977749,FALSE
"SomMot_10 R",7.7616069713064e-13,2.24786249900484e-12,1.4717018018742e-12,2.89613028244651,FALSE
"Default_pCunPCC_1 R",1.22163111954823e-12,2.65995246236857e-12,1.43832134282034e-12,2.17737778598195,FALSE
"SomMot_14 L",2.19823860623731e-12,3.62187640867181e-12,1.4236378024345e-12,1.64762660358846,FALSE
"Default_PFCdPFCm_19 R",8.01744084122927e-12,9.43808402406011e-12,1.42064318283084e-12,1.17719409609177,TRUE
"SalVentAttn_FrOperIns_8 R",2.54333851654021e-12,3.96207480771955e-12,1.41873629117934e-12,1.5578244036147,TRUE
"SomMot_24 R",1.29142091178241e-12,2.67671170129948e-12,1.38529078951707e-12,2.07268728334677,FALSE
"SomMot_9 R",6.60282553180618e-12,7.97684753592694e-12,1.37402200412076e-12,1.2080960639505,FALSE
"SomMot_39 R",5.80566335005419e-12,7.16184526976212e-12,1.35618191970793e-12,1.233596376148,FALSE
"DorsAttn_Post_9 L",1.45984369386802e-12,2.81192518668781e-12,1.35208149281979e-12,1.92618237041343,FALSE
"SalVentAttn_TempOccPar_6 R",1.27023811595338e-12,2.605126536483e-12,1.33488842052962e-12,2.0508962089582,FALSE
"SomMot_8 R",6.44869587532308e-13,1.97364129025142e-12,1.32877170271911e-12,3.06052778485625,FALSE
"SalVentAttn_FrOperIns_7 R",7.78689331621126e-13,2.10217195347713e-12,1.323482621856e-12,2.69962855289245,TRUE
"Vis_19 L",1.21084049717571e-12,2.53338484585705e-12,1.32254434868134e-12,2.09225315123353,FALSE
"Vis_30 L",7.503954937242e-12,8.82500879486741e-12,1.32105385762541e-12,1.17604768001325,FALSE
"Default_Par_5 R",6.10384452912802e-12,7.41694373098758e-12,1.31309920185956e-12,1.21512658056629,FALSE
"Vis_11 L",3.87552295971449e-13,1.69157871465124e-12,1.30402641867979e-12,4.36477536640851,FALSE
"Default_Temp_9 R",1.37166885401457e-12,2.66344685402177e-12,1.2917780000072e-12,1.94175645690756,FALSE
"DorsAttn_FEF_1 R",8.81743354376414e-12,1.00633912537259e-11,1.24595770996176e-12,1.14130616395095,TRUE
"SalVentAttn_Med_11 L",1.85103355234365e-12,3.09245374116981e-12,1.24142018882616e-12,1.67066325580882,FALSE
"DorsAttn_Post_23 R",2.73116673141225e-12,3.96240940062622e-12,1.23124266921397e-12,1.45081197535579,FALSE
"Vis_6 L",8.22527728499494e-12,9.41409812819413e-12,1.18882084319919e-12,1.14453261598462,FALSE
"Default_Par_3 R",3.15719712323709e-12,4.33325790210386e-12,1.17606077886677e-12,1.37250153631869,FALSE
"SomMot_6 L",9.94005130583988e-13,2.16239048116418e-12,1.16838535058019e-12,2.17543191139643,FALSE
"Vis_21 R",1.69635592701835e-12,2.840645822817e-12,1.14428989579865e-12,1.67455766656821,FALSE
"SomMot_17 R",5.86552466522809e-12,6.98818099928943e-12,1.12265633406134e-12,1.19139913275221,FALSE
"Vis_10 R",9.17202162395526e-12,1.02486473269376e-11,1.07662570298234e-12,1.11738150509485,FALSE
"Vis_39 R",1.17987952758387e-12,2.21734124967253e-12,1.03746172208866e-12,1.87929462104759,FALSE
"Cont_PFCmp_2 L",1.1768448693259e-12,2.20528559424096e-12,1.02844072491506e-12,1.87389659565254,TRUE
"SalVentAttn_ParOper_2 L",9.21034787112408e-12,1.02354564639085e-11,1.02510859278442e-12,1.11129966067821,FALSE
"SalVentAttn_Med_13 L",5.88740404031624e-12,6.90827197248602e-12,1.02086793216978e-12,1.17339865332479,FALSE
"SalVentAttn_Med_9 R",1.37950708851279e-12,2.36987396772302e-12,9.90366879210228e-13,1.71791358482827,FALSE
"SomMot_5 L",6.02699659861784e-12,6.97301316266415e-12,9.46016564046315e-13,1.156963182004,FALSE
"Vis_26 R",1.48318290032784e-11,1.5715375940805e-11,8.83546937526554e-13,1.0595710035041,FALSE
"SomMot_31 L",5.94020108321395e-12,6.82353137994114e-12,8.83330296727193e-13,1.14870377018437,FALSE
"SomMot_52 R",5.32702563042489e-12,6.20913564241435e-12,8.82110011989456e-13,1.16559147133653,FALSE
"DorsAttn_Post_10 L",1.14728542321421e-12,2.01342201263137e-12,8.66136589417156e-13,1.75494429885686,FALSE
"SalVentAttn_TempOccPar_9 R",3.98495760358911e-12,4.84453940846542e-12,8.5958180487631e-13,1.21570663740616,FALSE
"Default_pCunPCC_6 R",1.21107247693067e-12,2.06631792472278e-12,8.55245447792113e-13,1.70618849332588,FALSE
"SomMot_12 L",1.04610306501189e-12,1.88851056940396e-12,8.42407504392071e-13,1.80528155644253,FALSE
"SomMot_16 R",1.0597085760695e-12,1.90057138542673e-12,8.4086280935723e-13,1.793484952699,FALSE
"SomMot_36 L",7.27152317017977e-12,8.0978151013952e-12,8.26291931215431e-13,1.11363395424552,FALSE
"Default_pCunPCC_13 L",1.21463779111818e-12,2.03261616861262e-12,8.17978377494439e-13,1.67343399281313,FALSE
"Default_pCunPCC_6 L",6.52000387944059e-13,1.46921663568026e-12,8.17216247736201e-13,2.25339840718978,FALSE
"DorsAttn_Post_7 R",6.97782044974057e-12,7.78874630675283e-12,8.10925857012259e-13,1.1162147783614,FALSE
"Cont_pCun_2 R",4.9533986151893e-12,5.72287276863277e-12,7.69474153443469e-13,1.15534266737264,FALSE
"SomMot_23 L",1.05499092055475e-11,1.13185093748453e-11,7.68600169297792e-13,1.07285372360301,FALSE
"Cont_PFCd_1 L",3.16406135813281e-12,3.91557418822473e-12,7.51512830091923e-13,1.23751525176977,TRUE
"Cont_Cing_3 R",1.02774367056583e-12,1.77350999744636e-12,7.45766326880526e-13,1.72563456067789,FALSE
"SomMot_17 L",2.0046300721322e-12,2.72738069371237e-12,7.22750621580167e-13,1.36054064619086,FALSE
"SomMot_50 R",6.42673661032112e-12,7.08924380847677e-12,6.62507198155654e-13,1.10308609770808,FALSE
"SalVentAttn_ParOper_4 L",8.03867184148508e-12,8.69815293196398e-12,6.59481090478903e-13,1.08203856351935,FALSE
"Cont_Cing_1 R",1.63574856730046e-12,2.29381438700073e-12,6.5806581970027e-13,1.40230254994892,FALSE
"Default_pCunPCC_7 L",1.29136406616651e-12,1.92174414720112e-12,6.3038008103461e-13,1.48815055145984,FALSE
"Default_Temp_8 R",1.70682636727585e-12,2.33132093487116e-12,6.24494567595312e-13,1.36588054858329,FALSE
"SomMot_4 R",5.46338717662152e-12,6.06954805528594e-12,6.06160878664419e-13,1.11094964699889,FALSE
"Default_pCunPCC_7 R",6.23474314333079e-13,1.22948721491086e-12,6.06012900577781e-13,1.97199337109184,FALSE
"Default_pCunPCC_12 L",6.52188115963559e-13,1.25197822839137e-12,5.99790112427811e-13,1.91965814424825,FALSE
"Cont_PFCl_12 R",9.40408577132248e-12,9.99855558804787e-12,5.94469816725393e-13,1.06321399348975,TRUE
"SomMot_27 L",9.6423430528048e-12,1.02262003771573e-11,5.83857324352503e-13,1.06055139514899,FALSE
"SomMot_3 R",5.78615998184873e-12,6.36172245587856e-12,5.75562474029826e-13,1.09947227104597,FALSE
"SomMot_23 R",3.26253047597063e-12,3.83640868518103e-12,5.73878209210403e-13,1.17589972367681,FALSE
"DorsAttn_Post_4 R",1.60173118452861e-12,2.17355379751016e-12,5.71822612981553e-13,1.3570028594716,FALSE
"SalVentAttn_Med_12 L",1.97610991897959e-12,2.52799868594504e-12,5.51888766965449e-13,1.27928039916445,FALSE
"SomMot_13 L",5.98877342756612e-13,1.12456567943776e-12,5.25688336681148e-13,1.87778965599437,FALSE
"SomMot_11 R",5.45572146383189e-12,5.94148444162589e-12,4.85762977794004e-13,1.0890373493248,FALSE
"Default_pCunPCC_12 R",1.02819585392106e-12,1.49105197422103e-12,4.62856120299968e-13,1.45016337941342,FALSE
"Default_pCunPCC_11 L",6.39605640509621e-13,1.07830121779742e-12,4.38695577287799e-13,1.68588447240437,FALSE
"Default_pCunPCC_8 L",1.10015686667905e-12,1.5358155090306e-12,4.35658642351552e-13,1.39599683967491,FALSE
"SomMot_28 L",1.46147387405385e-12,1.88730587129651e-12,4.25831997242665e-13,1.29137161108566,FALSE
"Default_Par_12 L",9.27154975228482e-12,9.65594102166726e-12,3.84391269382444e-13,1.04145922522691,FALSE
"SalVentAttn_Med_3 L",8.85693492031605e-13,1.25871583854467e-12,3.73022346513065e-13,1.42116414975278,FALSE
"Vis_42 R",1.26354419130716e-12,1.60391878267893e-12,3.40374591371774e-13,1.26938083662879,FALSE
"SomMot_14 R",1.56850621208894e-12,1.90088805875799e-12,3.32381846669048e-13,1.2119098057166,FALSE
"Default_pCunPCC_8 R",1.05869184255649e-12,1.37755755321355e-12,3.1886571065706e-13,1.30118840803295,FALSE
"SalVentAttn_Med_4 L",3.97361699546029e-13,7.08574204674514e-13,3.11212505128485e-13,1.78319703555736,FALSE
"SalVentAttn_Med_10 L",2.85527597282064e-12,3.1644934426815e-12,3.09217469860857e-13,1.10829687666071,FALSE
"SalVentAttn_Med_11 R",3.80426091403065e-12,4.10795952113592e-12,3.03698607105275e-13,1.07983117193282,FALSE
"SomMot_7 R",5.93230155937955e-13,8.67882406986335e-13,2.7465225104838e-13,1.4629775615741,FALSE
"SomMot_4 L",4.97163906250364e-12,5.21402783041339e-12,2.42388767909753e-13,1.04875429709648,FALSE
"DorsAttn_Post_18 R",2.53958883692583e-12,2.78063494781363e-12,2.410461108878e-13,1.09491540810976,FALSE
"SomMot_26 R",5.6587222954715e-12,5.87160553744283e-12,2.1288324197133e-13,1.03762037273709,FALSE
"Default_pCunPCC_3 L",1.30548346010032e-12,1.48983497611877e-12,1.8435151601845e-13,1.14121321460808,FALSE
"SomMot_20 R",3.69639219892165e-12,3.88006601868229e-12,1.83673819760638e-13,1.04969002472579,FALSE
"Cont_Temp_2 R",1.90066240361443e-11,1.91567364127795e-11,1.50112376635231e-13,1.0078978979302,FALSE
"Cont_Par_8 R",1.92025338357331e-12,2.06994391990201e-12,1.49690536328702e-13,1.07795353342909,FALSE
"SalVentAttn_Med_4 R",3.14204809135994e-13,4.63080669133495e-13,1.48875859997501e-13,1.47381789097017,FALSE
"SomMot_32 L",1.65996274647207e-12,1.80779824821581e-12,1.4783550174374e-13,1.08905952983459,FALSE
"Default_Par_1 L",7.8107541285014e-13,9.1404175277046e-13,1.3296633992032e-13,1.1702349577682,FALSE
"Default_pCunPCC_4 L",1.2473829188986e-12,1.37319482871403e-12,1.25811909815435e-13,1.10086069635018,FALSE
"Default_pCunPCC_5 R",4.43444767993737e-13,5.56172298185205e-13,1.12727530191468e-13,1.25420872750732,FALSE
"Default_pCunPCC_13 R",1.41784237372308e-12,1.52838161832477e-12,1.10539244601693e-13,1.07796299973137,FALSE
"DorsAttn_Post_6 L",3.5301196183462e-12,3.62050947662793e-12,9.03898582817253e-14,1.02560532448021,FALSE
"Default_Temp_11 R",1.86583096203674e-12,1.95577741266393e-12,8.99464506271919e-14,1.04820718085255,FALSE
"Cont_Cing_3 L",1.40301292255784e-12,1.49161614978318e-12,8.86032272253351e-14,1.06315211057629,FALSE
"Cont_Cing_2 R",1.12884264593482e-12,1.21581278014755e-12,8.6970134212729e-14,1.07704362917713,FALSE
"Default_Par_5 L",1.4450296735147e-12,1.52465218941052e-12,7.96225158958233e-14,1.05510095561025,FALSE
"SalVentAttn_Med_5 L",7.98198817232132e-13,8.73070388753948e-13,7.48715715218162e-14,1.09380065455552,FALSE
"SalVentAttn_Med_6 L",5.60236796853423e-13,6.23453681498081e-13,6.32168846446581e-14,1.11283957962011,FALSE
"DorsAttn_FEF_3 R",4.0932520454998e-12,4.15001778043536e-12,5.67657349355611e-14,1.01386812595573,TRUE
"Cont_PFCl_16 R",2.29065170148684e-12,2.32966003751743e-12,3.90083360305929e-14,1.0170293615591,TRUE
"Default_pCunPCC_14 L",8.40686562500531e-13,8.77825797296201e-13,3.71392347956696e-14,1.04417726707229,FALSE
"SomMot_25 R",9.151632404847e-13,9.3690366868529e-13,2.17404282005899e-14,1.02375579267047,FALSE
"SalVentAttn_FrOperIns_9 R",4.46742258854377e-12,4.48265554791974e-12,1.52329593759677e-14,1.00340978697986,TRUE
"SalVentAttn_Med_8 R",6.81404778128814e-13,6.91155356029766e-13,9.75057790095236e-15,1.01430952381597,FALSE
"Cont_PFCl_25 R",6.72748974113867e-12,6.71976476490961e-12,-7.72497622905502e-15,0.998851729764549,TRUE
"Vis_22 R",2.67613194720031e-12,2.66349235325445e-12,-1.26395939458566e-14,0.995276916760745,FALSE
"Default_pCunPCC_9 R",6.30773172763946e-13,6.0822434006719e-13,-2.2548832696756e-14,0.964252074009504,FALSE
"Default_Temp_12 L",2.81966686719267e-12,2.79468411510771e-12,-2.49827520849573e-14,0.991139821382577,FALSE
"Cont_Cing_4 R",5.17055700043624e-13,4.67663969782526e-13,-4.93917302610982e-14,0.904475029949518,FALSE
"Default_pCunPCC_5 L",6.23443769124556e-13,5.66000482597579e-13,-5.7443286526977e-14,0.907861319060676,FALSE
"SomMot_26 L",8.17922201513221e-13,7.51209721508641e-13,-6.67124800045801e-14,0.918436643630462,FALSE
"Vis_38 L",4.90564185677308e-13,4.09746394459243e-13,-8.08177912180653e-14,0.835255419010088,FALSE
"Default_Temp_5 R",1.57558410293011e-11,1.56737523250923e-11,-8.20887042088034e-14,0.994789950973982,FALSE
"SalVentAttn_Med_5 R",6.16394167034215e-13,5.26685722940491e-13,-8.97084440937238e-14,0.854462535676876,FALSE
"Cont_PFCl_21 R",1.15264321070386e-11,1.14319236760241e-11,-9.45084310145083e-14,0.991800721147978,TRUE
"Vis_8 R",9.25648063676365e-13,8.12465355572884e-13,-1.13182708103481e-13,0.877725981887807,FALSE
"Cont_Par_9 R",2.16104598131374e-12,2.03981883394415e-12,-1.21227147369591e-13,0.943903485433524,FALSE
"DorsAttn_Post_2 L",9.22523658301011e-12,9.09761643659954e-12,-1.27620146410571e-13,0.986166192567288,FALSE
"SomMot_28 R",1.00604598304887e-12,8.4874813285918e-13,-1.57297850189686e-13,0.843647454649152,FALSE
"Cont_Par_9 L",1.44524403006909e-12,1.27359693564969e-12,-1.71647094419402e-13,0.881233140668157,FALSE
"SalVentAttn_Med_9 L",3.83862154293246e-13,1.97068784167212e-13,-1.86793370126034e-13,0.513384249953082,FALSE
"Default_pCunPCC_2 R",5.59900175424767e-13,3.73029065156981e-13,-1.86871110267785e-13,0.666242093733912,FALSE
"SomMot_55 R",3.66290193828387e-12,3.46515746242668e-12,-1.97744475857189e-13,0.946014258861149,FALSE
"SalVentAttn_Med_8 L",1.01442431886772e-12,8.02021491711035e-13,-2.12402827156686e-13,0.79061737459748,FALSE
"Vis_17 L",4.20541619704311e-12,3.99121427077314e-12,-2.14201926269973e-13,0.949065225358531,FALSE
"SalVentAttn_FrOperIns_2 R",2.39676221720689e-12,2.08442366916907e-12,-3.12338548037824e-13,0.869683130935779,TRUE
"SalVentAttn_Med_7 R",7.97860407134505e-13,4.84969245092274e-13,-3.12891162042231e-13,0.607837211566906,FALSE
"Vis_37 L",1.86841226204626e-12,1.54793412541864e-12,-3.20478136627618e-13,0.828475683264552,FALSE
"Default_pCunPCC_10 L",2.39725649168803e-12,2.07369745163214e-12,-3.23559040055888e-13,0.865029444626489,FALSE
"Cont_Par_1 R",9.463243115729e-12,9.12651944531668e-12,-3.36723670412323e-13,0.964417730127566,FALSE
"Vis_40 L",5.97803855878235e-12,5.63858269759959e-12,-3.39455861182758e-13,0.943216180717994,FALSE
"DorsAttn_Post_3 L",1.00623262173553e-11,9.68249057171752e-12,-3.79835645637745e-13,0.962251706272192,FALSE
"DorsAttn_Post_13 L",2.44424897987137e-12,2.06262670581674e-12,-3.81622274054628e-13,0.843869312333839,FALSE
"DorsAttn_Post_15 L",2.14556723057696e-12,1.74395630111216e-12,-4.01610929464805e-13,0.812818296373399,FALSE
"Default_pCunPCC_16 L",1.91764260085001e-12,1.50683099103858e-12,-4.10811609811426e-13,0.785772588891522,FALSE
"SalVentAttn_PrC_1 R",9.35255675166277e-12,8.93007117882173e-12,-4.22485572841039e-13,0.954826729838776,FALSE
"SalVentAttn_FrOperIns_1 R",2.27344121851603e-12,1.83193636766913e-12,-4.41504850846899e-13,0.805798871221712,TRUE
"SalVentAttn_Med_10 R",1.06324915740901e-12,6.16582768728802e-13,-4.46666388680213e-13,0.579904309758707,FALSE
"SomMot_31 R",1.52148134394484e-12,1.0469835126342e-12,-4.74497831310641e-13,0.688134308580886,FALSE
"DorsAttn_Post_26 R",5.10999078562517e-12,4.62773488574024e-12,-4.82255899884933e-13,0.905624898338064,FALSE
"Default_pCunPCC_2 L",6.49998429110067e-13,1.49188608687486e-13,-5.00809820422581e-13,0.229521491139209,FALSE
"Default_pCunPCC_17 L",1.34075630596175e-12,8.33440416897941e-13,-5.07315889063809e-13,0.621619613640451,FALSE
"SalVentAttn_ParOper_1 L",1.11954919048442e-12,6.12126857091452e-13,-5.07422333392972e-13,0.546761913004097,FALSE
"SomMot_34 R",4.77455199564605e-12,4.2641671574152e-12,-5.10384838230852e-13,0.893103093505678,FALSE
"DorsAttn_Post_4 L",8.35335558895993e-12,7.82530298047962e-12,-5.28052608480306e-13,0.93678557043852,FALSE
"DorsAttn_Post_25 R",9.67438850258295e-12,9.11502649082614e-12,-5.59362011756813e-13,0.942181150611486,FALSE
"DorsAttn_Post_8 L",4.60587953880544e-12,4.04632954729808e-12,-5.59549991507358e-13,0.878513976148738,FALSE
"SalVentAttn_FrOperIns_12 R",5.36350146121775e-12,4.79560267721621e-12,-5.67898784001544e-13,0.894117902622403,TRUE
"Cont_Cing_1 L",1.49359630684019e-12,9.03838386794124e-13,-5.89757920046063e-13,0.605142355169758,FALSE
"SomMot_46 R",3.47632623831618e-12,2.86798591510101e-12,-6.08340323215173e-13,0.825004823623852,FALSE
"DorsAttn_Post_19 L",2.34696501473366e-12,1.7308119946581e-12,-6.16153020075557e-13,0.737468170080294,FALSE
"SalVentAttn_TempOccPar_4 R",3.41504848768634e-12,2.79414738496778e-12,-6.20901102718558e-13,0.818186738795263,FALSE
"DorsAttn_Post_28 R",4.61554757977e-12,3.9897776327883e-12,-6.25769946981697e-13,0.864421298628909,FALSE
"SalVentAttn_TempOccPar_10 R",5.04914944590148e-12,4.42025363958148e-12,-6.28895806319997e-13,0.875445198630338,FALSE
"DorsAttn_Post_20 R",1.83657563368923e-12,1.20389832133714e-12,-6.32677312352091e-13,0.655512519742409,FALSE
"SomMot_39 L",1.1811440763596e-12,5.45441787924126e-13,-6.3570228843547e-13,0.461791070912562,FALSE
"Default_Par_2 L",1.13500770937201e-12,4.84123573878021e-13,-6.50884135493985e-13,0.426537696511228,FALSE
"DorsAttn_Post_26 L",1.49258158471909e-11,1.42685192938004e-11,-6.57296553390517e-13,0.955962437154534,FALSE
"Default_pCunPCC_10 R",2.31596152710615e-12,1.65026217831747e-12,-6.65699348788679e-13,0.712560273131788,FALSE
"SomMot_43 R",2.03415394194279e-12,1.36705663185797e-12,-6.67097310084824e-13,0.672051708413136,FALSE
"Vis_41 L",2.58885996401875e-12,1.881043554248e-12,-7.07816409770746e-13,0.726591465120428,FALSE
"SomMot_47 R",1.05834253559919e-12,3.25861347633273e-13,-7.32481187965915e-13,0.307897808764517,FALSE
"SalVentAttn_ParOper_3 L",7.24300136237024e-12,6.48480129748838e-12,-7.58200064881863e-13,0.895319629674383,FALSE
"SalVentAttn_TempOccPar_11 R",7.27114606280647e-12,6.50010156441313e-12,-7.71044498393338e-13,0.893958326275771,FALSE
"SomMot_32 R",1.28895967115914e-12,5.07661386885682e-13,-7.81298284273458e-13,0.393853584595979,FALSE
"Vis_36 L",1.25157497100992e-11,1.17022041103121e-11,-8.13545599787119e-13,0.93499825271109,FALSE
"SalVentAttn_Med_13 R",6.73566914491801e-12,5.90211521840422e-12,-8.33553926513787e-13,0.87624779237521,FALSE
"Cont_PFCl_24 R",4.70785291615931e-12,3.85680831211708e-12,-8.51044604042232e-13,0.819228718654083,TRUE
"Default_Par_6 L",3.87712907275862e-12,3.02561845474206e-12,-8.5151061801656e-13,0.780375994186157,FALSE
"DorsAttn_Post_15 R",3.80841513663627e-12,2.9177234019174e-12,-8.90691734718872e-13,0.766125355886081,FALSE
"SomMot_56 R",1.20859770288573e-11,1.11784094753932e-11,-9.07567553464072e-13,0.924907390499162,FALSE
"DorsAttn_FEF_3 L",2.26566829088833e-12,1.34774329096063e-12,-9.17924999927704e-13,0.594854637980655,TRUE
"SomMot_43 L",1.06978274481729e-11,9.77393794650216e-12,-9.23889501670733e-13,0.913637651556202,FALSE
"Cont_Par_6 L",2.7124269673693e-12,1.77160371769659e-12,-9.40823249672713e-13,0.653143380083266,FALSE
"DorsAttn_Post_22 R",4.28833470329041e-12,3.3441066257816e-12,-9.44228077508812e-13,0.779814743288505,FALSE
"SomMot_2 R",4.8094993851789e-12,3.85377437359039e-12,-9.55725011588508e-13,0.801283889434792,FALSE
"SomMot_42 L",1.78770633110895e-12,8.23441265892186e-13,-9.64265065216768e-13,0.460613273871099,FALSE
"SomMot_40 L",3.03252139835581e-12,2.06333242690445e-12,-9.69188971451357e-13,0.68040160508782,FALSE
"DorsAttn_Post_14 L",2.05297589237415e-12,1.04884463303011e-12,-1.00413125934404e-12,0.510889892534092,FALSE
"DorsAttn_Post_29 R",6.65540969182481e-12,5.64696743325123e-12,-1.00844225857358e-12,0.848477808990135,FALSE
"Vis_38 R",6.57347503379348e-12,5.50917920260446e-12,-1.06429583118902e-12,0.838092359715737,FALSE
"DorsAttn_FEF_2 R",2.28861156765718e-12,1.21794915784689e-12,-1.07066240981029e-12,0.532178188321267,TRUE
"Default_Par_4 L",5.75701372346432e-12,4.67201709631512e-12,-1.0849966271492e-12,0.811534820087888,FALSE
"DorsAttn_PrCv_2 R",3.42696409629174e-12,2.32904467239563e-12,-1.09791942389611e-12,0.679623307088583,FALSE
"SomMot_48 R",2.90232419757237e-12,1.6912137051408e-12,-1.21111049243157e-12,0.582710128163975,FALSE
"Vis_44 R",4.29239108065164e-12,3.04203340241051e-12,-1.25035767824113e-12,0.708703691078561,FALSE
"Limbic_TempPole_9 R",3.96436451256604e-11,3.83349378580872e-11,-1.30870726757316e-12,0.966988220598159,FALSE
"Default_Par_10 L",7.087538771388e-12,5.7492258444964e-12,-1.3383129268916e-12,0.811173812227413,FALSE
"SomMot_54 R",1.01920840950955e-11,8.78226546443055e-12,-1.40981863066494e-12,0.861675137537046,FALSE
"SomMot_36 R",1.92139192866431e-12,5.08267633256673e-13,-1.41312429540764e-12,0.264530950543757,FALSE
"SomMot_38 R",1.09183247509614e-11,9.49537241469915e-12,-1.42295233626225e-12,0.869673015895873,FALSE
"DorsAttn_Post_10 R",4.67614688204576e-12,3.22201383437556e-12,-1.4541330476702e-12,0.689031785281725,FALSE
"Default_pCunPCC_15 L",4.60006241930955e-12,3.13843023884159e-12,-1.46163218046796e-12,0.682258185381896,FALSE
"Default_Par_9 L",9.5672339264335e-12,8.09265461495746e-12,-1.47457931147604e-12,0.845871928833903,FALSE
"SomMot_18 R",2.06499192367329e-11,1.91689137442838e-11,-1.48100549244912e-12,0.928280325193009,FALSE
"SomMot_40 R",2.96705306711615e-12,1.4080138489922e-12,-1.55903921812395e-12,0.474549600948234,FALSE
"DorsAttn_FEF_4 R",2.8082154263282e-12,1.23801854326733e-12,-1.57019688306087e-12,0.44085597267944,TRUE
"Default_pCunPCC_9 L",2.50676850789879e-12,9.3151024970808e-13,-1.57525825819071e-12,0.371598034191392,FALSE
"SomMot_24 L",6.97232829504992e-12,5.36968999293293e-12,-1.60263830211699e-12,0.770143023349202,FALSE
"DorsAttn_Post_6 R",2.69306167357988e-12,1.07752511821913e-12,-1.61553655536075e-12,0.400111564020284,FALSE
"Default_Par_3 L",5.3252322887084e-12,3.70838438546311e-12,-1.61684790324529e-12,0.696379835547522,FALSE
"DorsAttn_Post_11 L",3.75166801557298e-12,2.09389119360465e-12,-1.65777682196833e-12,0.558122729653321,FALSE
"Vis_43 L",4.77355240972475e-12,3.10717121237763e-12,-1.66638119734712e-12,0.650913815473704,FALSE
"SalVentAttn_TempOcc_1 L",4.43605251022277e-12,2.7157432077959e-12,-1.72030930242687e-12,0.61219816526913,FALSE
"Vis_34 L",2.570483154865e-11,2.39400818856066e-11,-1.76474966304336e-12,0.931345604825174,FALSE
"Vis_40 R",1.3767218245973e-11,1.19692909479381e-11,-1.79792729803492e-12,0.869405186588015,FALSE
"SomMot_34 L",3.33501944895344e-12,1.47994531358903e-12,-1.85507413536441e-12,0.443759125318879,FALSE
"SomMot_41 L",5.96906214874642e-12,4.11343452343587e-12,-1.85562762531055e-12,0.689125765644732,FALSE
"SomMot_19 R",7.85995804893502e-12,5.94694945824044e-12,-1.91300859069458e-12,0.756613384093853,FALSE
"SomMot_30 L",1.0354895953302e-11,8.42593128064584e-12,-1.92896467265619e-12,0.813714721871148,FALSE
"Vis_33 L",6.98236641252439e-12,5.03767875263995e-12,-1.94468765988444e-12,0.721485876708472,FALSE
"Default_Par_13 L",1.42242480143406e-11,1.22632437548703e-11,-1.9610042594703e-12,0.862136525073715,FALSE
"Vis_41 R",4.29417671719525e-12,2.33224380881201e-12,-1.96193290838324e-12,0.543117799384679,FALSE
"Cont_Par_4 R",7.08167957960692e-12,5.02080427893904e-12,-2.06087530066788e-12,0.70898495512243,FALSE
"Cont_Par_2 R",1.49493485990597e-11,1.28598597558709e-11,-2.0894888431888e-12,0.86022876987963,FALSE
"Cont_Par_1 L",5.4489500783168e-12,3.33327243711186e-12,-2.11567764120494e-12,0.611727468448659,FALSE
"SomMot_41 R",6.94461019776734e-12,4.78491708131958e-12,-2.15969311644776e-12,0.689011614051125,FALSE
"DorsAttn_Post_23 L",2.99165939183178e-12,8.10055259357189e-13,-2.18160413247459e-12,0.270771218665102,FALSE
"SomMot_42 R",9.44205247466936e-12,7.24964735766152e-12,-2.19240511700784e-12,0.767804179982106,FALSE
"Cont_PFCl_10 R",6.16662095370118e-12,3.914975088855e-12,-2.25164586484618e-12,0.634865531422885,TRUE
"Limbic_TempPole_11 R",3.6017015951941e-12,1.30875678805055e-12,-2.29294480714355e-12,0.363371798984369,FALSE
"DorsAttn_Post_18 L",3.90100465231199e-12,1.49795835954375e-12,-2.40304629276824e-12,0.383992969261383,FALSE
"Vis_28 R",1.50312814593678e-11,1.26094802465251e-11,-2.42180121284267e-12,0.838882585001869,FALSE
"Cont_Par_6 R",4.50924175336521e-12,2.05724480844687e-12,-2.45199694491834e-12,0.456228545943798,FALSE
"SomMot_50 L",5.67483055646165e-12,3.18619740167025e-12,-2.4886331547914e-12,0.561461240114435,FALSE
"Vis_30 R",1.16616783791685e-11,9.10031662783465e-12,-2.56136175133381e-12,0.780360796443398,FALSE
"SomMot_33 R",8.63292285620235e-12,6.0485202845661e-12,-2.58440257163625e-12,0.700634117241129,FALSE
"SomMot_53 R",6.06932711995686e-12,3.44549490947373e-12,-2.62383221048313e-12,0.567689768795692,FALSE
"Cont_PFCl_19 R",4.31487454988166e-12,1.69002610625908e-12,-2.62484844362258e-12,0.39167444770913,TRUE
"Default_Temp_10 R",6.48385068440937e-12,3.76703588225598e-12,-2.71681480215339e-12,0.580987451070387,FALSE
"DorsAttn_Post_21 L",6.71821293757324e-12,3.98259067755365e-12,-2.73562226001959e-12,0.592805068038264,FALSE
"SomMot_11 L",4.78346937934147e-12,2.03857025252011e-12,-2.74489912682136e-12,0.426169813341787,FALSE
"SomMot_45 R",9.14967080967037e-12,6.39070113416761e-12,-2.75896967550276e-12,0.698462411064365,FALSE
"SalVentAttn_FrOperIns_11 R",5.33417110401731e-12,2.55919410856894e-12,-2.77497699544837e-12,0.479773531569233,TRUE
"Vis_29 L",7.3418987082064e-12,4.50597464392603e-12,-2.83592406428037e-12,0.613734242736076,FALSE
"SomMot_37 R",8.42359230009355e-12,5.54994635780978e-12,-2.87364594228377e-12,0.658857428053367,FALSE
"Default_Temp_4 R",2.48415240272115e-11,2.19667270204966e-11,-2.87479700671488e-12,0.884274531483422,FALSE
"DorsAttn_FEF_4 L",1.22508520347617e-11,9.20608372715373e-12,-3.04476830760799e-12,0.751464771677229,TRUE
"Vis_36 R",1.99761748141211e-11,1.68869950269767e-11,-3.08917978714441e-12,0.845356790482196,FALSE
"Vis_18 L",1.05931353251731e-11,7.43048867933537e-12,-3.1626466458377e-12,0.70144376062844,FALSE
"SomMot_51 R",1.56966780662502e-11,1.23805422657189e-11,-3.31613580053133e-12,0.788736458342646,FALSE
"Vis_35 L",7.75638096223526e-12,4.43625889016979e-12,-3.32012207206547e-12,0.57194958728424,FALSE
"Vis_23 L",1.19738219614158e-11,8.58040373639252e-12,-3.39341822502326e-12,0.716596903147705,FALSE
"Cont_pCun_1 R",7.12976727933617e-12,3.69228843956134e-12,-3.43747883977483e-12,0.517869419141141,FALSE
"Cont_Par_5 L",5.79263216279111e-12,2.24610719708158e-12,-3.54652496570953e-12,0.387752429976379,FALSE
"SomMot_1 R",8.42469271085135e-12,4.84902583628959e-12,-3.57566687456176e-12,0.575573021202761,FALSE
"SomMot_47 L",4.4127039099433e-12,8.03401619475579e-13,-3.60930229046772e-12,0.182065607815935,FALSE
"DorsAttn_Post_25 L",1.51775978938696e-11,1.14088259474383e-11,-3.76877194643129e-12,0.75168851008014,FALSE
"Vis_32 R",1.63092115859849e-11,1.24683228815014e-11,-3.84088870448349e-12,0.764495746208596,FALSE
"DorsAttn_Post_7 L",4.97876648338401e-12,1.09910388028867e-12,-3.87966260309534e-12,0.220758270940561,FALSE
"Vis_34 R",9.16449155475146e-12,5.27899551893468e-12,-3.88549603581678e-12,0.57602710280176,FALSE
"SomMot_51 L",6.31504379642079e-12,2.40935420284206e-12,-3.90568959357873e-12,0.381526127215083,FALSE
"SomMot_46 L",5.80095116686769e-12,1.89357069744262e-12,-3.90738046942507e-12,0.326424174755652,FALSE
"Default_Par_8 R",1.31182441234663e-11,9.15395360469118e-12,-3.96429051877513e-12,0.697803266850044,FALSE
"Vis_45 L",9.67123750303005e-12,5.62598320076566e-12,-4.04525430226439e-12,0.581723197160964,FALSE
"SomMot_45 L",5.42217133068282e-12,1.28283235575432e-12,-4.1393389749285e-12,0.236590155035321,FALSE
"Vis_25 R",1.19163075967049e-11,7.6893994700765e-12,-4.22690812662839e-12,0.645283734720206,FALSE
"Cont_PFCl_9 R",1.30231713173568e-11,8.7173391775846e-12,-4.30583213977219e-12,0.669371458391741,TRUE
"SomMot_49 L",1.04313916140306e-11,6.07143414097143e-12,-4.3599574730592e-12,0.582034915917174,FALSE
"Cont_Par_8 L",5.37396654298599e-12,9.84537866310709e-13,-4.38942867667528e-12,0.183205060626161,FALSE
"DorsAttn_Post_20 L",5.61036772788638e-12,1.20591613354018e-12,-4.4044515943462e-12,0.214944223271884,FALSE
"SomMot_52 L",1.03326891947868e-11,5.89005720572328e-12,-4.44263198906355e-12,0.570041070111254,FALSE
"SalVentAttn_TempOccPar_12 R",1.16733655794932e-11,7.22873685495806e-12,-4.44462872453512e-12,0.619250447159551,FALSE
"SalVentAttn_TempOccPar_5 R",7.06342668550706e-12,2.46573548978754e-12,-4.59769119571952e-12,0.349084884656169,FALSE
"Default_PFCv_6 R",1.38869079970839e-11,9.28687015548277e-12,-4.60003784160108e-12,0.668750031139613,TRUE
"Vis_26 L",1.41812480340019e-11,9.46793040328787e-12,-4.71331763071403e-12,0.667637317998172,FALSE
"DorsAttn_Post_3 R",9.61885153277947e-12,4.71099698747208e-12,-4.90785454530739e-12,0.48976709656218,FALSE
"Vis_14 L",1.11091811741911e-11,5.71602127461712e-12,-5.39315989957397e-12,0.514531285878802,FALSE
"SomMot_35 R",7.00608646214375e-12,1.5217740072691e-12,-5.48431245487465e-12,0.217207426070426,FALSE
"Vis_24 L",2.2319819428367e-11,1.67187660428311e-11,-5.6010533855359e-12,0.749054717780676,FALSE
"SomMot_55 L",8.978260981701e-12,3.33974577002116e-12,-5.63851521167984e-12,0.371981364412111,FALSE
"SomMot_49 R",7.71889230123347e-12,2.00998685624522e-12,-5.70890544498825e-12,0.260398354816277,FALSE
"Default_Temp_6 R",1.57853358138189e-11,1.00027298779279e-11,-5.78260593589103e-12,0.633672289009603,FALSE
"SalVentAttn_Med_12 R",1.12780099995851e-11,4.94786078482729e-12,-6.33014921475777e-12,0.438717538378609,FALSE
"Cont_pCun_2 L",8.67603967504344e-12,2.01463606324266e-12,-6.66140361180079e-12,0.232206875337113,FALSE
"Cont_Par_3 L",1.31129292631059e-11,6.40936202573755e-12,-6.7035672373683e-12,0.488781865373951,FALSE
"SomMot_48 L",1.90186448466009e-11,1.2245229205306e-11,-6.77341564129492e-12,0.643853928819461,FALSE
"Default_Temp_3 R",1.96149430433588e-11,1.26767461167436e-11,-6.93819692661516e-12,0.646280037047352,FALSE
"Vis_44 L",1.42581446335739e-11,7.27622665746269e-12,-6.98191797611117e-12,0.510320721556524,FALSE
"SomMot_33 L",1.04747406897476e-11,2.84913925751469e-12,-7.62560143223289e-12,0.272000934620115,FALSE
"Vis_15 R",1.78721509526243e-11,1.0029285439529e-11,-7.84286551309531e-12,0.561168348796669,FALSE
"Default_Par_11 L",2.09723173574317e-11,1.29321761660948e-11,-8.04014119133686e-12,0.616630768345312,FALSE
"SalVentAttn_Med_14 L",1.32432606278236e-11,5.14325641923718e-12,-8.10000420858642e-12,0.388367832045183,FALSE
"SomMot_54 L",1.14388692584354e-11,3.33841020120925e-12,-8.10045905722611e-12,0.29184792008593,FALSE
"SomMot_30 R",1.45864772624317e-11,6.223258853713e-12,-8.36321840871873e-12,0.426645772090657,FALSE
"DorsAttn_Post_17 L",1.82816594922188e-11,9.45250429478779e-12,-8.829155197431e-12,0.517048482322464,FALSE
"Vis_42 L",1.53691493799672e-11,6.49636228442822e-12,-8.87278709553899e-12,0.422688473110675,FALSE
"SomMot_44 R",1.33840918260623e-11,4.137503395695e-12,-9.24658843036731e-12,0.309135909217105,FALSE
"Vis_43 R",2.25028315556877e-11,1.29291900256523e-11,-9.57364153003537e-12,0.57455836140694,FALSE
"Vis_33 R",3.01378407532949e-11,2.03525574830011e-11,-9.78528327029376e-12,0.67531571520352,FALSE
"SomMot_35 L",1.28118689815708e-11,2.91146935043748e-12,-9.90039963113331e-12,0.227247824234347,FALSE
"SomMot_56 L",1.23232558011284e-11,2.34532376493491e-12,-9.97793203619351e-12,0.190316893748173,FALSE
"DorsAttn_Post_24 L",2.16606620068437e-11,1.16773254649388e-11,-9.98333654190491e-12,0.539102888972153,FALSE
"Vis_37 R",1.54038118446675e-11,5.41781742076616e-12,-9.98599442390134e-12,0.351719267633206,FALSE
"Cont_pCun_1 L",1.88357811220607e-11,8.22067693576898e-12,-1.06151041862917e-11,0.436439395982406,FALSE
"Vis_24 R",2.62577086978934e-11,1.55201931983314e-11,-1.0737515499562e-11,0.591071878239573,FALSE
"Default_PFCv_5 R",2.1101825632039e-11,1.02819181747244e-11,-1.08199074573146e-11,0.48725254174754,TRUE
"Cont_Temp_1 R",2.64134955189069e-11,1.53893649360289e-11,-1.1024130582878e-11,0.582632651744754,FALSE
"Cont_PFCl_6 R",3.04488372715795e-11,1.76923969499444e-11,-1.27564403216351e-11,0.581053285947908,TRUE
"SomMot_37 L",2.02407710227086e-11,6.83054251328265e-12,-1.34102285094259e-11,0.337464541524595,FALSE
"Cont_PFCl_7 R",3.31943225731174e-11,1.26086678508385e-11,-2.05856547222789e-11,0.379844108071954,TRUE
"Vis_39 L",3.57002191358187e-11,8.59675254823659e-12,-2.71034665875821e-11,0.240803915391413,FALSE
"Default_PFCv_4 R",6.25198255193871e-11,1.91192096424439e-11,-4.34006158769432e-11,0.305810348695153,TRUE
"Cont_PFCl_3 R",1.50384905165364e-10,8.13958975618452e-11,-6.89890076035189e-11,0.541250449786445,TRUE
