"subject","snr","total_i","mean_i","n_vertices"
"sub-0002",1,6.4772140774879e-07,4.31727926247277e-11,15003
"sub-0002",3,1.17616021729866e-06,7.83950021528136e-11,15003
"sub-0002",5,1.59841265741855e-06,1.06539535920719e-10,15003
"sub-0008",1,4.51864367909896e-07,3.0118267540485e-11,15003
"sub-0008",3,8.83638852760768e-07,5.88974773552468e-11,15003
"sub-0008",5,1.27136637744044e-06,8.47408103339623e-11,15003
"sub-0009",1,3.57495074780058e-07,2.38282393374697e-11,15003
"sub-0009",3,6.81975539157524e-07,4.54559447548839e-11,15003
"sub-0009",5,1.00260424487916e-06,6.68269176084223e-11,15003
"sub-0010",1,2.73123450464617e-07,1.82058025906291e-11,15002
"sub-0010",3,5.88912627638496e-07,3.92556077615315e-11,15002
"sub-0010",5,9.29151191902761e-07,6.19351547728811e-11,15002
"sub-0012",1,3.14745137944854e-07,2.09802118347456e-11,15002
"sub-0012",3,6.13773195702584e-07,4.09127580124373e-11,15002
"sub-0012",5,9.00248662117574e-07,6.00085763309941e-11,15002
"sub-0014",1,3.61191996174518e-07,2.40746514813383e-11,15003
"sub-0014",3,7.42782835768896e-07,4.95089539271409e-11,15003
"sub-0014",5,1.11758061387329e-06,7.44904761629871e-11,15003
"sub-0015",1,3.46835130687793e-07,2.3116177731791e-11,15004
"sub-0015",3,7.72174114215847e-07,5.14645504009496e-11,15004
"sub-0015",5,1.19152391389891e-06,7.94137505931027e-11,15004
"sub-0016",1,3.26712747648165e-07,2.17721409868163e-11,15006
"sub-0016",3,7.23480217206008e-07,4.82127293886451e-11,15006
"sub-0016",5,1.11978900362486e-06,7.46227511412011e-11,15006
"sub-0018",1,4.43642314782577e-07,2.95722113573241e-11,15002
"sub-0018",3,8.26113050706257e-07,5.50668611322662e-11,15002
"sub-0018",5,1.16594792811278e-06,7.77194992742819e-11,15002
"sub-0019",1,3.17053350773474e-07,2.11340721752749e-11,15002
"sub-0019",3,6.36068181151497e-07,4.23988922244699e-11,15002
"sub-0019",5,9.61879085366324e-07,6.41167234612934e-11,15002
"sub-0020",1,2.47592139605794e-07,1.65028420719719e-11,15003
"sub-0020",3,5.52633544743446e-07,3.68348693423613e-11,15003
"sub-0020",5,8.5708239200759e-07,5.71274006537086e-11,15003
"sub-0021",1,4.90288523006665e-07,3.26815439945784e-11,15002
"sub-0021",3,1.05472312442054e-06,7.03055008945832e-11,15002
"sub-0021",5,1.60196000380156e-06,1.06783095840658e-10,15002
"sub-0022",1,8.26769178516291e-07,5.51105971547987e-11,15002
"sub-0022",3,1.60817190338052e-06,1.07197167269732e-10,15002
"sub-0022",5,2.22208006404102e-06,1.48118921746502e-10,15002
"sub-0023",1,3.16971771371462e-07,2.11286342735277e-11,15002
"sub-0023",3,6.66488638741016e-07,4.44266523624194e-11,15002
"sub-0023",5,1.020885594048e-06,6.80499662743634e-11,15002
"sub-0024",1,4.54580110039805e-07,3.02952422552352e-11,15005
"sub-0024",3,9.10319012876916e-07,6.0667711621254e-11,15005
"sub-0024",5,1.3138577171175e-06,8.75613273653782e-11,15005
"sub-0025",1,3.4960311557251e-07,2.33006608619375e-11,15004
"sub-0025",3,6.82564203023449e-07,4.54921489618401e-11,15004
"sub-0025",5,1.02248039177338e-06,6.81471868683934e-11,15004
"sub-0026",1,2.89718061488471e-07,1.93119625042308e-11,15002
"sub-0026",3,6.24568375446717e-07,4.16323407176855e-11,15002
"sub-0026",5,9.73477186307875e-07,6.48898271102437e-11,15002
"sub-0028",1,3.57912992472213e-07,2.38560949458250e-11,15003
"sub-0028",3,7.41567136708621e-07,4.94279235292022e-11,15003
"sub-0028",5,1.1041578358482e-06,7.35958032292339e-11,15003
"sub-0029",1,3.44930380666097e-07,2.29892282502064e-11,15004
"sub-0029",3,7.02808467262687e-07,4.68414067757056e-11,15004
"sub-0029",5,1.05865807180599e-06,7.05583892166084e-11,15004
"sub-0030",1,3.47807883979966e-07,2.31841010518575e-11,15002
"sub-0030",3,6.47763749148201e-07,4.31784928108386e-11,15002
"sub-0030",5,9.41353881494006e-07,6.27485589584059e-11,15002
"sub-0031",1,3.34423419751259e-07,2.22919223937647e-11,15002
"sub-0031",3,7.00407957723494e-07,4.66876388297223e-11,15002
"sub-0031",5,1.05422212834325e-06,7.02721056088021e-11,15002
"sub-0032",1,2.50798461712005e-07,1.67143260054652e-11,15005
"sub-0032",3,5.58876871665894e-07,3.72460427634717e-11,15005
"sub-0032",5,8.77448939585122e-07,5.84771036044733e-11,15005
"sub-0033",1,2.2957756147655e-07,1.53021103430347e-11,15003
"sub-0033",3,5.2356218409323e-07,3.48971661729807e-11,15003
"sub-0033",5,8.34058706706179e-07,5.55927952213677e-11,15003
"sub-0034",1,2.56784092639537e-07,1.71143756757889e-11,15004
"sub-0034",3,5.55757570920072e-07,3.70406272274108e-11,15004
"sub-0034",5,8.62115465837838e-07,5.74590419779950e-11,15004
"sub-0035",1,3.19521815455451e-07,2.12858447442177e-11,15011
"sub-0035",3,6.80608311899364e-07,4.53406376590076e-11,15011
"sub-0035",5,1.0378214947371e-06,6.9137398889954e-11,15011
"sub-0036",1,4.43481394324585e-07,2.95595143854286e-11,15003
"sub-0036",3,9.13259251273018e-07,6.08717757297219e-11,15003
"sub-0036",5,1.32459732570774e-06,8.82888306143929e-11,15003
"sub-0037",1,3.25569402286507e-07,2.16945027178321e-11,15007
"sub-0037",3,6.85651339800514e-07,4.56887678950166e-11,15007
"sub-0037",5,1.02559738026034e-06,6.8341266093179e-11,15007
"sub-0039",1,3.27052264828308e-07,2.17918619954896e-11,15008
"sub-0039",3,6.38590955102215e-07,4.25500369870879e-11,15008
"sub-0039",5,9.44710491854373e-07,6.29471276555419e-11,15008
"sub-0040",1,3.37465387607414e-07,2.24946932147323e-11,15002
"sub-0040",3,6.3430094145119e-07,4.22810919511525e-11,15002
"sub-0040",5,8.64276892336182e-07,5.76107780520052e-11,15002
"sub-0041",1,2.69087016710737e-07,1.79355473379149e-11,15003
"sub-0041",3,5.96373118891201e-07,3.97502578745052e-11,15003
"sub-0041",5,9.27671905686734e-07,6.18324272270035e-11,15003
