region,mean_p,cmro2,cmrglu,mean_i
Cont_Cing_1 L,1.4935963068401898e-12,2281.0266,3158.1892,2.8822981435098003e-10
Cont_Cing_1 R,1.6357485673004598e-12,2608.3022,3383.1028,3.03975132402153e-10
Cont_Cing_2 L,7.64980806925613e-13,2444.647,2814.6045,2.0589099296886e-10
Cont_Cing_2 R,1.1288426459348198e-12,2365.3826,3069.714,2.72056737300122e-10
Cont_Cing_3 L,1.4030129225578399e-12,2673.2168,3644.7383,3.7227791421513004e-10
Cont_Cing_3 R,1.0277436705658399e-12,1857.9988,2258.0337,2.72095087512112e-10
Cont_Cing_4 L,7.40806665646732e-13,2561.3267,3094.062,2.11074018048387e-10
Cont_Cing_4 R,5.170557000436239e-13,2368.4202,2911.5923,1.23063638296112e-10
Cont_OFC_1 L,1.2136108539968e-10,4834.4673,6308.136,4.61790126755885e-09
Cont_PFCd_1 L,3.16406135813281e-12,5241.669,7185.202,5.432129147433171e-10
Cont_PFCd_2 L,7.63512202751824e-12,5082.031,6886.915,1.50223808492474e-09
Cont_PFCl_1 L,1.76561599398673e-10,5040.0273,6767.5596,7.473268885230281e-09
Cont_PFCl_1 R,3.56337065637997e-11,5107.298,6534.144,2.34696073905687e-09
Cont_PFCl_10 L,2.11364651326513e-12,5365.331,7277.145,4.96792257541368e-10
Cont_PFCl_10 R,6.16662095370118e-12,5459.763,7365.56,9.52968094300509e-10
Cont_PFCl_11 L,1.4704477071055397e-11,5225.103,6899.889,2.13734834227989e-09
Cont_PFCl_11 R,2.01009904779326e-11,5466.457,7321.769,2.3935234158617702e-09
Cont_PFCl_12 L,7.84397446258141e-12,5344.1533,7435.467,1.2280857473322302e-09
Cont_PFCl_12 R,9.40408577132248e-12,5436.7085,7336.689,1.03627246346066e-09
Cont_PFCl_13 L,2.79832040228246e-12,5407.394,7529.118,5.30206208849685e-10
Cont_PFCl_13 R,1.6944236636910697e-11,5441.012,7209.4087,1.89996569283513e-09
Cont_PFCl_14 R,2.6295558989713e-12,5602.6387,7370.0996,5.72954934614263e-10
Cont_PFCl_15 R,1.4547955740834498e-11,5477.904,7411.373,2.05287906719059e-09
Cont_PFCl_16 R,2.2906517014868397e-12,5530.444,7386.2305,5.28476983683496e-10
Cont_PFCl_17 R,1.50139266451073e-11,5356.2305,7246.3594,2.27740502550907e-09
Cont_PFCl_18 R,5.98568559604933e-12,5526.616,7465.9165,9.64527594395614e-10
Cont_PFCl_19 R,4.3148745498816594e-12,5631.638,7552.4033,7.59156778990251e-10
Cont_PFCl_2 L,3.93670403350061e-11,5193.7944,6943.26,1.8178535198163e-09
Cont_PFCl_2 R,1.04266413467885e-10,4938.824,6320.2812,4.6111655969629e-09
Cont_PFCl_20 R,1.0929199692416599e-11,5084.665,7065.698,1.6289886774558901e-09
Cont_PFCl_21 R,1.1526432107038599e-11,5408.306,7257.5454,1.6781919011998401e-09
Cont_PFCl_22 R,5.54571047867823e-12,5305.9355,7223.423,1.0325363406111602e-09
Cont_PFCl_23 R,1.94031744386973e-12,5238.1606,7042.244,4.0203036828783503e-10
Cont_PFCl_24 R,4.70785291615931e-12,5255.0137,6909.1885,8.3967999790574e-10
Cont_PFCl_25 R,6.7274897411386596e-12,5103.9463,6802.2324,1.1056440754802e-09
Cont_PFCl_3 L,2.60752246431679e-11,5359.109,7243.871,2.00368353547374e-09
Cont_PFCl_3 R,1.50384905165364e-10,4943.2554,6834.389,6.748955544645131e-09
Cont_PFCl_4 L,1.7531618736563697e-11,5505.9004,7432.926,1.81568812635426e-09
Cont_PFCl_4 R,4.6186245610644e-11,5471.051,7225.1084,2.2892485967948804e-09
Cont_PFCl_5 L,2.3098291912585798e-11,5344.833,7230.071,2.79975885063621e-09
Cont_PFCl_5 R,5.33955030558596e-11,5200.4233,6822.2905,3.0298497080905904e-09
Cont_PFCl_6 L,6.14187912343432e-12,5460.9526,7149.044,1.06231951537718e-09
Cont_PFCl_6 R,3.0448837271579496e-11,5312.5947,7132.2393,2.5953883342117604e-09
Cont_PFCl_7 L,8.70919468529655e-12,5473.114,7327.9126,1.3073810147562e-09
Cont_PFCl_7 R,3.31943225731174e-11,5637.2896,7559.712,1.9056771543496e-09
Cont_PFCl_8 L,2.6145793349328e-11,5217.188,6967.9536,2.9826543077761603e-09
Cont_PFCl_8 R,3.8492717903764495e-11,5570.509,7499.4326,3.1656021973928e-09
Cont_PFCl_9 L,1.1779875788641e-11,5444.2856,7377.4,1.6773973085424e-09
Cont_PFCl_9 R,1.30231713173568e-11,5452.216,7365.546,1.7815370180448e-09
Cont_PFCmp_1 L,5.108289686843169e-12,5324.1255,7136.6343,1.2826454899771701e-09
Cont_PFCmp_1 R,3.6453510007922e-12,4942.5146,6399.0645,9.49812880754931e-10
Cont_PFCmp_2 L,1.1768448693259e-12,5449.678,7160.488,3.07051166099393e-10
Cont_PFCmp_2 R,5.46653061217805e-12,5131.709,6815.7197,1.0246975750381901e-09
Cont_PFCmp_3 R,3.63709554460282e-12,5336.239,7090.134,9.32202800699596e-10
Cont_PFCv_1 L,1.15981626860277e-12,4792.7534,5536.901,2.86536185338887e-10
Cont_PFCv_1 R,3.3350572218263598e-12,5123.3726,6450.252,6.882094186088901e-10
Cont_PFCv_2 L,3.2099126361854298e-12,5099.8794,6590.053,6.34806154554925e-10
Cont_Par_1 L,5.4489500783168e-12,5544.7544,7220.1123,7.6611974427119e-10
Cont_Par_1 R,9.463243115729e-12,5218.733,6701.134,1.4684273979941402e-09
Cont_Par_2 L,1.57448418754266e-11,4904.079,6288.737,1.8267280281847502e-09
Cont_Par_2 R,1.49493485990597e-11,5044.588,6472.538,1.9466192301270203e-09
Cont_Par_3 L,1.31129292631058e-11,5288.801,6969.923,1.4805032092968502e-09
Cont_Par_3 R,9.83495188130341e-12,5192.4116,6738.8765,1.2695311162907e-09
Cont_Par_4 L,7.41180001478821e-12,5125.165,6658.3433,8.00569838134689e-10
Cont_Par_4 R,7.081679579606919e-12,5577.856,7015.2285,1.03899049432848e-09
Cont_Par_5 L,5.79263216279112e-12,5629.268,7442.3657,8.232711053606501e-10
Cont_Par_5 R,9.42513655250124e-12,5382.554,7083.701,1.33093164191715e-09
Cont_Par_6 L,2.71242696736931e-12,5629.2305,7385.3467,4.90066725426532e-10
Cont_Par_6 R,4.50924175336521e-12,5693.3286,7194.2026,5.79910573559664e-10
Cont_Par_7 L,9.30629358004472e-12,5401.758,6925.6865,1.36050746388624e-09
Cont_Par_7 R,8.11554358510528e-12,5571.564,7196.432,1.12714483944793e-09
Cont_Par_8 L,5.37396654298598e-12,5657.1226,7512.878,7.63290102124485e-10
Cont_Par_8 R,1.9202533835733098e-12,5762.007,7179.601,3.57117808516109e-10
Cont_Par_9 L,1.44524403006909e-12,5444.385,7107.5005,3.43405684801584e-10
Cont_Par_9 R,2.16104598131374e-12,5598.813,7117.917,4.24683085442826e-10
Cont_Temp_1 L,1.12382778950933e-11,4788.475,6031.3276,1.9197919549748e-09
Cont_Temp_1 R,2.6413495518906897e-11,4892.357,6157.2397,3.1099221471767e-09
Cont_Temp_2 R,1.9006624036144297e-11,4855.756,6163.077,3.21732610027275e-09
Cont_pCun_1 L,1.8835781122060697e-11,5847.3647,7708.6504,1.3960048554984402e-09
Cont_pCun_1 R,7.12976727933617e-12,5882.5117,7995.071,1.14535625872783e-09
Cont_pCun_2 L,8.67603967504343e-12,5654.117,6984.7363,5.43791273816928e-10
Cont_pCun_2 R,4.9533986151893095e-12,5645.537,7495.6333,7.01774877055759e-10
Default_PFC_1 L,1.02690827727771e-12,4822.8315,5711.606,2.1893966378635701e-10
Default_PFC_10 L,4.0076841717321797e-11,4872.358,6513.491,2.2420947846759303e-09
Default_PFC_11 L,1.3352964224867698e-11,4569.539,5705.121,1.8143045117693402e-09
Default_PFC_12 L,1.8067565311611398e-11,5267.761,6930.754,2.1776899614219603e-09
Default_PFC_13 L,3.5585756175833003e-11,5272.642,7063.777,1.96411949450657e-09
Default_PFC_14 L,2.7428352385640498e-11,5137.406,6579.2695,2.99107820401511e-09
Default_PFC_15 L,4.0676561860533595e-12,2880.9978,3430.947,6.43905590797392e-10
Default_PFC_16 L,2.0701073745797698e-11,4765.1523,6311.555,1.9686433980125602e-09
Default_PFC_17 L,2.6918751028182997e-12,4870.3774,6338.159,6.61567175482223e-10
Default_PFC_18 L,9.36286089386031e-12,5259.9697,6888.4985,1.29055909901244e-09
Default_PFC_19 L,1.3441067432089898e-11,4950.2603,6608.181,2.22302774530895e-09
Default_PFC_2 L,2.1748409411843697e-11,5145.063,6892.0713,1.90798730477706e-09
Default_PFC_20 L,7.47024295331172e-12,5108.595,6778.317,1.1712053261363601e-09
Default_PFC_21 L,2.14453961650357e-11,4667.21,6220.6113,2.85630115278557e-09
Default_PFC_22 L,6.76378750556267e-12,5257.8555,7038.376,1.16391023687143e-09
Default_PFC_23 L,2.3398102756436098e-11,5082.609,6987.8247,3.3451795923892205e-09
Default_PFC_24 L,1.0934831392026099e-11,5399.1924,7171.5225,1.5744039754311802e-09
Default_PFC_25 L,1.0190242401060499e-11,4664.6567,6381.9463,1.59548660387781e-09
Default_PFC_26 L,8.10186271014068e-12,5138.303,7108.56,1.18562412813155e-09
Default_PFC_27 L,1.06873559671128e-11,5111.04,7071.719,1.95628784313701e-09
Default_PFC_28 L,1.6281160906205198e-11,4825.2163,6599.292,2.34547706588877e-09
Default_PFC_29 L,8.40877045172708e-12,5093.292,6908.189,1.4652688907960801e-09
Default_PFC_3 L,3.4589856227385e-11,5079.3975,6548.6895,2.95904445744617e-09
Default_PFC_4 L,4.07517176775649e-11,5329.9463,6716.169,2.7762818055729904e-09
Default_PFC_5 L,9.27356438353621e-11,5130.6724,6677.9033,3.8835019353579e-09
Default_PFC_6 L,2.5480070236230398e-11,4890.8525,6143.334,1.9605877755069e-09
Default_PFC_7 L,7.6561739586868e-11,5074.08,6656.7026,3.64504092734575e-09
Default_PFC_8 L,4.6106281790602694e-11,5449.1763,7233.823,2.7375225165309504e-09
Default_PFC_9 L,2.5024342139138397e-11,5206.203,6956.1035,2.29132286016969e-09
Default_PFCdPFCm_1 R,2.8892661546098696e-11,4117.027,4890.766,1.7679649672858601e-09
Default_PFCdPFCm_10 R,9.11072459269572e-12,4952.3735,6418.934,1.1681367760775e-09
Default_PFCdPFCm_11 R,6.8659438881317595e-12,5128.683,6625.922,1.3923126772388201e-09
Default_PFCdPFCm_12 R,1.2684740351879e-11,4968.4165,6574.861,1.7723883627872102e-09
Default_PFCdPFCm_13 R,6.94589838487314e-12,5372.3545,7146.082,1.15534950280099e-09
Default_PFCdPFCm_14 R,9.310601034470399e-12,4777.8574,6394.312,1.34391075178423e-09
Default_PFCdPFCm_15 R,8.63063355446877e-12,5187.155,6933.571,1.45403332649857e-09
Default_PFCdPFCm_16 R,4.4862285443540096e-12,5402.5654,7121.0493,9.59513169857494e-10
Default_PFCdPFCm_17 R,1.0490351181754e-11,4832.4297,6568.856,1.6536544307827201e-09
Default_PFCdPFCm_18 R,1.1313712073909599e-11,5283.8843,7081.3447,2.00642081288969e-09
Default_PFCdPFCm_19 R,8.01744084122927e-12,4887.4336,6639.716,1.2333267158195501e-09
Default_PFCdPFCm_2 R,1.5244940742185797e-11,5146.7407,6661.831,1.60678986710586e-09
Default_PFCdPFCm_3 R,2.1306696160142397e-12,5012.2837,6484.522,3.70708667844159e-10
Default_PFCdPFCm_4 R,1.34222584778252e-11,4415.7534,5452.5474,1.36411570011563e-09
Default_PFCdPFCm_5 R,1.3005804886864398e-11,5128.2285,6496.1943,1.1761412324027702e-09
Default_PFCdPFCm_6 R,1.0386904545026799e-11,5072.6445,6488.7974,1.7423743027018601e-09
Default_PFCdPFCm_7 R,4.73208154972151e-12,4877.613,6129.574,7.0034965083001e-10
Default_PFCdPFCm_8 R,2.98602878832429e-11,5035.59,6596.1914,2.5806624285621e-09
Default_PFCdPFCm_9 R,2.28747977281599e-12,1943.3236,2281.3628,3.96003217959747e-10
Default_PFCv_1 R,6.2622801876440994e-12,5047.132,6083.2188,7.31496984870154e-10
Default_PFCv_2 R,3.05760543412013e-11,5138.256,7010.0083,2.5396833441718602e-09
Default_PFCv_3 R,1.59412856038189e-11,5298.143,6834.7485,1.6190290885761302e-09
Default_PFCv_4 R,6.25198255193871e-11,5149.5195,6749.039,3.1335641401130805e-09
Default_PFCv_5 R,2.1101825632039e-11,5276.288,6886.282,1.9015846731267703e-09
Default_PFCv_6 R,1.38869079970839e-11,5301.6587,7030.6284,1.79998737012832e-09
Default_PHC_1 L,3.14078667055412e-12,4866.037,5325.8647,4.24557001667273e-10
Default_Par_1 L,7.8107541285014e-13,5076.281,6131.7007,2.39117371944631e-10
Default_Par_1 R,1.29903658881593e-12,5434.4204,6430.0225,3.50671427778297e-10
Default_Par_10 L,7.087538771388e-12,5292.6724,6790.0913,1.14220064944209e-09
Default_Par_11 L,2.09723173574317e-11,5041.508,6673.3657,1.5718010924047402e-09
Default_Par_12 L,9.271549752284809e-12,5299.366,6813.553,1.4723285732893702e-09
Default_Par_13 L,1.42242480143406e-11,5057.4507,6752.671,1.4311736022671e-09
Default_Par_2 L,1.135007709372e-12,5113.084,6223.977,3.27056612756071e-10
Default_Par_2 R,2.61420241754498e-12,5495.4663,6548.84,5.21559753345027e-10
Default_Par_3 L,5.3252322887084e-12,5191.2144,6186.549,9.87382968637601e-10
Default_Par_3 R,3.1571971232370898e-12,5181.4673,6441.8345,7.64991876033922e-10
Default_Par_4 L,5.7570137234643195e-12,5320.9277,6486.9385,8.44190640531471e-10
Default_Par_4 R,3.70297620468092e-12,5275.6265,6460.2705,7.0440625148021e-10
Default_Par_5 L,1.4450296735146998e-12,5240.479,6473.0317,3.86497292796863e-10
Default_Par_5 R,6.1038445291280196e-12,5402.115,6824.8,1.1396604034412702e-09
Default_Par_6 L,3.87712907275862e-12,5283.3228,6577.1123,7.90176796651261e-10
Default_Par_6 R,5.6479260219753e-12,5164.4976,6421.031,8.79571780736202e-10
Default_Par_7 L,1.52041204969783e-11,4916.307,6251.131,1.74442913531541e-09
Default_Par_7 R,8.83686324012132e-12,5084.816,6739.24,1.3382628763254601e-09
Default_Par_8 L,8.15497121198694e-12,5049.6504,6297.531,1.22404804647765e-09
Default_Par_8 R,1.3118244123466298e-11,5272.8857,6892.6772,1.7133366427335802e-09
Default_Par_9 L,9.567233926433498e-12,5271.0854,6781.455,1.2134772072963602e-09
Default_Temp_1 L,3.4023354218128e-11,4414.1895,5304.151,3.83302111657231e-09
Default_Temp_1 R,6.95306010788991e-11,4272.5796,5048.003,5.383238908354121e-09
Default_Temp_10 L,1.8550142909916e-12,5063.7793,6017.5625,5.27234321648112e-10
Default_Temp_10 R,6.48385068440937e-12,5210.4355,6419.2466,1.1324450043305302e-09
Default_Temp_11 L,8.57503144713592e-12,5047.2466,6044.831,1.3266074232975401e-09
Default_Temp_11 R,1.8658309620367398e-12,5091.0347,6182.4985,5.82018615751711e-10
Default_Temp_12 L,2.81966686719267e-12,5195.226,6160.4424,6.97911978318334e-10
Default_Temp_2 L,3.4877150756094594e-11,4579.362,5808.6016,4.27121889951334e-09
Default_Temp_2 R,4.42040340344199e-11,4571.526,5758.784,4.8154978089376e-09
Default_Temp_3 L,1.9214994924547097e-11,4337.229,5006.9937,2.39392603005838e-09
Default_Temp_3 R,1.96149430433588e-11,4451.9194,5192.154,1.84120655941378e-09
Default_Temp_4 L,1.77277252231946e-11,4792.868,6134.685,2.8042325404760702e-09
Default_Temp_4 R,2.4841524027211498e-11,4658.43,5719.232,2.93304215242295e-09
Default_Temp_5 L,2.5983242889694e-11,4632.7046,5719.6206,3.6575393322869103e-09
Default_Temp_5 R,1.5755841029301098e-11,4863.614,6267.642,2.29134680235032e-09
Default_Temp_6 L,9.070047241904269e-12,4665.6646,5512.006,1.5192700799121402e-09
Default_Temp_6 R,1.57853358138189e-11,4744.438,5656.2676,2.6312126606136203e-09
Default_Temp_7 L,1.56268741749855e-11,4928.2646,6195.024,2.7380843642911e-09
Default_Temp_7 R,1.18838317292872e-11,5147.0786,6342.3203,1.9248939861806e-09
Default_Temp_8 L,2.3569624419247097e-12,4880.213,5905.8784,6.101799978322911e-10
Default_Temp_8 R,1.7068263672758499e-12,5052.4907,5905.0317,5.19238980646889e-10
Default_Temp_9 L,8.83011824047041e-12,5102.004,5966.098,1.6065898872454502e-09
Default_Temp_9 R,1.37166885401457e-12,5074.34,5930.496,4.92377760692676e-10
Default_pCunPCC_1 L,1.4871086452441698e-12,4758.059,5825.203,4.2684927087197403e-10
Default_pCunPCC_1 R,1.2216311195482299e-12,4570.793,5619.545,3.76118302177759e-10
Default_pCunPCC_10 L,2.3972564916880298e-12,5997.111,7711.2905,6.00503435887644e-10
Default_pCunPCC_10 R,2.31596152710615e-12,6130.615,7981.969,5.54090582318428e-10
Default_pCunPCC_11 L,6.39605640509621e-13,5614.3965,7418.6396,2.75337020888607e-10
Default_pCunPCC_11 R,1.05548179048037e-12,5608.8096,7122.752,3.53921521412126e-10
Default_pCunPCC_12 L,6.52188115963559e-13,5344.907,6664.7153,2.90958273326083e-10
Default_pCunPCC_12 R,1.0281958539210599e-12,5565.177,6967.8306,3.5968692324337803e-10
Default_pCunPCC_13 L,1.21463779111818e-12,5271.908,6693.106,4.00821638337668e-10
Default_pCunPCC_13 R,1.41784237372308e-12,5786.0957,7056.2217,3.98399263902978e-10
Default_pCunPCC_14 L,8.40686562500532e-13,5561.5273,7194.579,3.2580535645776e-10
Default_pCunPCC_14 R,2.44773266082129e-12,5750.7397,7305.5493,5.39689737103656e-10
Default_pCunPCC_15 L,4.600062419309549e-12,6094.0054,7790.9453,6.84203741817224e-10
Default_pCunPCC_16 L,1.91764260085001e-12,5723.9644,7070.204,4.38360375277478e-10
Default_pCunPCC_17 L,1.3407563059617499e-12,5669.8896,7006.1416,4.1322339793639e-10
Default_pCunPCC_2 L,6.49998429110067e-13,2155.75,2796.7373,1.36643583599839e-10
Default_pCunPCC_2 R,5.59900175424766e-13,2946.75,3740.6287,1.11968251606628e-10
Default_pCunPCC_3 L,1.30548346010032e-12,5619.8833,6925.0186,4.56164100236437e-10
Default_pCunPCC_3 R,1.82178733790302e-12,5426.868,6837.708,6.80681995037817e-10
Default_pCunPCC_4 L,1.2473829188985998e-12,5746.87,7351.563,4.668792921553221e-10
Default_pCunPCC_4 R,1.17252787031183e-12,5822.5903,7238.7646,4.56863870153521e-10
Default_pCunPCC_5 L,6.23443769124556e-13,5246.1323,6656.027,2.2462417665516101e-10
Default_pCunPCC_5 R,4.43444767993737e-13,5935.0654,7474.8867,1.9532082888905601e-10
Default_pCunPCC_6 L,6.52000387944059e-13,6031.6235,7837.273,2.51384836085726e-10
Default_pCunPCC_6 R,1.2110724769306699e-12,5992.935,7728.8696,4.795076145172271e-10
Default_pCunPCC_7 L,1.29136406616651e-12,5627.4507,7341.644,4.52944188297478e-10
Default_pCunPCC_7 R,6.23474314333079e-13,5611.4395,7044.1387,2.22862827719655e-10
Default_pCunPCC_8 L,1.10015686667905e-12,5504.1855,7480.38,4.32562528125851e-10
Default_pCunPCC_8 R,1.05869184255649e-12,5627.8145,7203.7046,3.98729857221597e-10
Default_pCunPCC_9 L,2.50676850789879e-12,5738.4185,7790.082,5.78346102972589e-10
Default_pCunPCC_9 R,6.30773172763946e-13,5466.4004,6916.3057,2.74581244939439e-10
DorsAttn_FEF_1 L,8.76987208971889e-12,5498.414,7032.6084,1.52091681682066e-09
DorsAttn_FEF_1 R,8.817433543764139e-12,5554.87,7207.0557,1.4978821306619802e-09
DorsAttn_FEF_2 L,2.97180550986189e-12,5191.703,6864.3457,6.86638148770464e-10
DorsAttn_FEF_2 R,2.28861156765718e-12,5367.16,7139.59,4.60796506629032e-10
DorsAttn_FEF_3 L,2.26566829088833e-12,5298.5356,6766.4805,4.43316639066487e-10
DorsAttn_FEF_3 R,4.0932520454997995e-12,5434.5317,7029.0435,9.09628636993402e-10
DorsAttn_FEF_4 L,1.2250852034761699e-11,5021.3174,6630.2305,1.4877386070015202e-09
DorsAttn_FEF_4 R,2.8082154263281997e-12,5398.0713,6895.753,5.950449429030601e-10
DorsAttn_Post_1 L,6.917061293224919e-12,4859.204,5885.12,1.2672774268744502e-09
DorsAttn_Post_1 R,4.69417700000394e-12,4923.123,5684.0894,7.37188568093963e-10
DorsAttn_Post_10 L,1.14728542321421e-12,5379.3745,7181.721,3.18103054340418e-10
DorsAttn_Post_10 R,4.6761468820457595e-12,5250.1226,6185.711,7.27879776183005e-10
DorsAttn_Post_11 L,3.7516680155729796e-12,5063.3296,6143.499,5.78735882607645e-10
DorsAttn_Post_11 R,6.65581485696366e-12,5414.998,6763.9253,8.44651567195695e-10
DorsAttn_Post_12 L,9.16760797537505e-12,5120.8696,6315.0835,1.2432221000316901e-09
DorsAttn_Post_12 R,2.19726486887561e-12,5489.533,6824.003,4.6365671176047103e-10
DorsAttn_Post_13 L,2.44424897987137e-12,5502.606,7282.3687,4.33888453981949e-10
DorsAttn_Post_13 R,2.8123345869546798e-12,5515.0894,7180.3257,3.97816803474584e-10
DorsAttn_Post_14 L,2.05297589237415e-12,5079.417,6238.0645,3.606879168759e-10
DorsAttn_Post_14 R,7.512887757267389e-12,5605.452,7248.4634,8.17830518071817e-10
DorsAttn_Post_15 L,2.14556723057696e-12,5375.687,7096.5327,3.48590274324152e-10
DorsAttn_Post_15 R,3.80841513663627e-12,5201.658,6320.0947,7.47967086986382e-10
DorsAttn_Post_16 L,2.9966909580844897e-12,5462.3647,6876.3433,4.87340439787763e-10
DorsAttn_Post_16 R,2.12661126157795e-12,5438.208,6823.807,4.18834939551912e-10
DorsAttn_Post_17 L,1.8281659492218798e-11,5404.54,7008.6616,1.1168439831188502e-09
DorsAttn_Post_17 R,4.19898370940383e-12,5481.6475,7030.136,6.404047364208201e-10
DorsAttn_Post_18 L,3.90100465231199e-12,5219.794,6373.881,7.97867082076547e-10
DorsAttn_Post_18 R,2.53958883692583e-12,5542.02,7055.701,4.59532725195625e-10
DorsAttn_Post_19 L,2.34696501473366e-12,5614.9927,7196.4688,3.87362753973901e-10
DorsAttn_Post_19 R,1.11668629055461e-11,5387.121,6947.547,1.46943045118113e-09
DorsAttn_Post_2 L,9.22523658301011e-12,5051.1147,6110.812,1.46550831644878e-09
DorsAttn_Post_2 R,2.0400289433499898e-11,5068.6772,6089.295,3.5612215053210605e-09
DorsAttn_Post_20 L,5.61036772788638e-12,5382.4595,6987.6646,7.02472959906908e-10
DorsAttn_Post_20 R,1.83657563368923e-12,5282.717,6479.744,4.49315206672741e-10
DorsAttn_Post_21 L,6.718212937573239e-12,5649.9014,7149.0986,7.70458890846851e-10
DorsAttn_Post_21 R,6.179074553709389e-12,5603.5244,7014.731,9.59545148335704e-10
DorsAttn_Post_22 L,1.0820889098633699e-11,5696.3535,7086.6826,1.3178217984486702e-09
DorsAttn_Post_22 R,4.2883347032904094e-12,5447.696,6945.228,4.57994855144131e-10
DorsAttn_Post_23 L,2.99165939183178e-12,5269.625,6517.111,5.225589336421561e-10
DorsAttn_Post_23 R,2.7311667314122497e-12,5544.801,6794.4365,3.8812013038009e-10
DorsAttn_Post_24 L,2.16606620068437e-11,5123.5493,6612.9136,1.43727351603494e-09
DorsAttn_Post_24 R,3.92039574296551e-12,5643.4604,6824.3696,6.82118152460688e-10
DorsAttn_Post_25 L,1.51775978938696e-11,5021.0283,6408.938,1.26662299883741e-09
DorsAttn_Post_25 R,9.67438850258295e-12,5269.4683,6769.155,1.27511774603979e-09
DorsAttn_Post_26 L,1.4925815847190898e-11,5314.421,6517.2124,1.58794001678985e-09
DorsAttn_Post_26 R,5.10999078562517e-12,5468.8623,6839.2124,5.96787442878698e-10
DorsAttn_Post_27 L,1.67278044272898e-11,4880.6357,6118.668,1.6323707107831401e-09
DorsAttn_Post_27 R,4.40582256682052e-12,4938.3047,6422.0146,4.982730601716771e-10
DorsAttn_Post_28 L,5.639884335810329e-12,4950.3896,6251.123,5.49944710934175e-10
DorsAttn_Post_28 R,4.61554757977e-12,4929.958,6472.864,5.13541488136267e-10
DorsAttn_Post_29 R,6.65540969182482e-12,5109.069,6396.5913,7.856996964184881e-10
DorsAttn_Post_3 L,1.0062326217355298e-11,5126.338,6172.5503,1.6344086016534301e-09
DorsAttn_Post_3 R,9.618851532779469e-12,5107.463,6139.0103,1.7529837484319202e-09
DorsAttn_Post_30 R,8.45433860415638e-12,5297.0527,6444.379,1.0467274846469401e-09
DorsAttn_Post_31 R,1.3707392478973598e-11,4996.5293,6302.451,1.7488886862805302e-09
DorsAttn_Post_4 L,8.35335558895992e-12,5025.333,6139.0464,1.307431236609e-09
DorsAttn_Post_4 R,1.6017311845286099e-12,5351.149,6366.801,4.5127450968896005e-10
DorsAttn_Post_5 L,1.0455817887988599e-11,4975.1543,6040.843,1.7667370485462302e-09
DorsAttn_Post_5 R,3.6205255152108397e-12,5354.7783,6224.0513,6.830690991734021e-10
DorsAttn_Post_6 L,3.5301196183461996e-12,5180.674,6265.872,7.39711274875341e-10
DorsAttn_Post_6 R,2.69306167357988e-12,4785.178,5906.406,3.68438328959253e-10
DorsAttn_Post_7 L,4.97876648338401e-12,5351.2983,6394.169,8.46965502063702e-10
DorsAttn_Post_7 R,6.97782044974057e-12,4868.68,6092.3906,8.99203952525935e-10
DorsAttn_Post_8 L,4.6058795388054395e-12,5278.02,6605.4443,6.806048037131e-10
DorsAttn_Post_8 R,1.29325433520487e-12,5338.451,6894.083,3.45808834523197e-10
DorsAttn_Post_9 L,1.45984369386802e-12,5303.089,6917.848,3.71309578772895e-10
DorsAttn_Post_9 R,1.7554276490175398e-12,5576.9624,7032.2256,3.97028673685406e-10
DorsAttn_PrCv_1 L,2.7692300346267598e-12,5478.999,7148.7915,6.75759354055129e-10
DorsAttn_PrCv_1 R,2.05465028610744e-12,5665.1533,7330.8467,5.5173064241145e-10
DorsAttn_PrCv_2 L,9.78439249337651e-12,5183.132,6621.908,1.4774648608401402e-09
DorsAttn_PrCv_2 R,3.4269640962917397e-12,5735.3735,7131.3257,6.86206225410965e-10
DorsAttn_PrCv_3 L,8.15210398805802e-12,5405.0015,7166.7935,1.48305657094854e-09
Limbic_OFC_1 L,3.22554983606799e-12,4938.7803,5905.3096,4.81582739676554e-10
Limbic_OFC_1 R,4.77259270232975e-12,5091.9863,6113.2896,4.5935952523472005e-10
Limbic_OFC_2 L,5.3385472663084496e-11,4614.3896,5896.7705,3.6876345048804303e-09
Limbic_OFC_2 R,3.5009772704109296e-11,5276.6475,6734.7007,1.83907176422407e-09
Limbic_OFC_3 L,4.4372838830588094e-11,4967.8647,6498.8413,3.4692268554896105e-09
Limbic_OFC_3 R,8.81904019647082e-12,5004.7197,6141.934,1.04613292764752e-09
Limbic_OFC_4 L,3.93535016990023e-11,4133.4004,5164.5815,2.2366499607039803e-09
Limbic_OFC_4 R,4.67663233472651e-11,5091.55,6690.177,2.5223532926867203e-09
Limbic_OFC_5 L,9.5209803103177e-11,5102.363,6496.603,4.03088407650455e-09
Limbic_OFC_5 R,2.0579876154654e-11,5263.03,6673.149,1.90824571226428e-09
Limbic_OFC_6 L,3.8384225971406794e-11,5502.236,6872.112,1.80789883282229e-09
Limbic_OFC_6 R,3.9176329116734e-11,4534.0493,5356.558,2.1877428327528903e-09
Limbic_OFC_7 L,4.9805844192751596e-11,3826.3486,4657.2935,2.1114808159262502e-09
Limbic_OFC_7 R,4.1620108751436296e-11,5221.4575,6540.846,2.61750381803262e-09
Limbic_OFC_8 L,2.2926328584610397e-11,4910.1133,6240.586,1.24604224480662e-09
Limbic_OFC_8 R,2.3839790397107198e-11,4755.6055,6044.672,1.53259194476044e-09
Limbic_OFC_9 R,2.47840637138e-11,4941.6406,6435.024,1.86379615728907e-09
Limbic_TempPole_1 L,8.58183414850313e-11,4119.635,4649.8345,6.01418699718042e-09
Limbic_TempPole_1 R,8.98469042036991e-11,4192.33,4804.5728,6.043115795910921e-09
Limbic_TempPole_10 L,7.18638971769772e-12,4892.4434,5690.5464,1.4248431247816801e-09
Limbic_TempPole_10 R,1.50803105151866e-11,4125.76,4688.6846,1.9190315759212602e-09
Limbic_TempPole_11 L,1.71732635944925e-11,4105.0293,4715.7344,1.6101786646180101e-09
Limbic_TempPole_11 R,3.6017015951940996e-12,4289.9126,4784.711,5.23390472005275e-10
Limbic_TempPole_12 L,1.0134604186357099e-11,4426.1743,5120.3657,1.45540694262516e-09
Limbic_TempPole_13 L,1.70417305323028e-12,3677.0083,4018.9287,3.22256303657768e-10
Limbic_TempPole_14 L,4.44782492871496e-12,4115.121,4474.0244,7.02237338779712e-10
Limbic_TempPole_2 L,3.24858307062937e-11,4303.567,5187.631,3.3371128122370402e-09
Limbic_TempPole_2 R,3.0462661431157e-11,4138.4985,4709.7393,2.2685501555824704e-09
Limbic_TempPole_3 L,2.8384153421938898e-11,3907.2583,4449.62,2.87169010016781e-09
Limbic_TempPole_3 R,2.5316877584823798e-11,3976.0469,4394.018,2.68260806457763e-09
Limbic_TempPole_4 L,6.793429868241279e-11,4301.7754,4997.5415,4.85801251297105e-09
Limbic_TempPole_4 R,2.9567733864800196e-11,4172.083,4930.022,2.80480618919705e-09
Limbic_TempPole_5 L,1.8593794030283e-11,4353.3486,5114.4995,2.2636422314101904e-09
Limbic_TempPole_5 R,1.4191555974105699e-11,3469.3716,3871.2368,1.3701332723004e-09
Limbic_TempPole_6 L,1.29625005347351e-11,3546.3774,4101.2236,1.2489450048488e-09
Limbic_TempPole_6 R,2.69931545105972e-11,4518.0376,5516.545,2.8493945294751203e-09
Limbic_TempPole_7 L,3.79043138650837e-12,3957.695,4727.8027,4.865654664203e-10
Limbic_TempPole_7 R,8.83252451256889e-12,3746.2837,4116.2085,1.07975607865148e-09
Limbic_TempPole_8 L,1.07796834585558e-11,4661.9346,5749.235,1.6336246562317e-09
Limbic_TempPole_8 R,1.5224593033300797e-11,4688.7676,5414.1167,2.40298842969855e-09
Limbic_TempPole_9 L,8.22234506656377e-11,4126.4697,4711.012,6.173994501253591e-09
Limbic_TempPole_9 R,3.9643645125660395e-11,4195.88,4838.1455,3.8014102950214204e-09
SalVentAttn_FrOperIns_1 L,7.21760649596458e-13,4167.9873,4156.8105,2.06298815034376e-10
SalVentAttn_FrOperIns_1 R,2.27344121851603e-12,4105.3247,4314.2935,3.26698284127071e-10
SalVentAttn_FrOperIns_10 L,7.55255446693156e-12,5352.448,6345.1104,1.3276549932095102e-09
SalVentAttn_FrOperIns_10 R,7.2591066555610996e-12,5434.0615,6621.249,1.42637404144461e-09
SalVentAttn_FrOperIns_11 L,4.928432021908899e-12,5344.814,6847.6743,8.29832687433608e-10
SalVentAttn_FrOperIns_11 R,5.33417110401731e-12,5502.853,7089.0273,1.10578184242588e-09
SalVentAttn_FrOperIns_12 R,5.36350146121775e-12,5383.0537,6873.0957,9.728727246752801e-10
SalVentAttn_FrOperIns_2 L,3.32411370527289e-13,4202.1206,4796.2827,1.3043554257678e-10
SalVentAttn_FrOperIns_2 R,2.39676221720689e-12,4677.4023,5368.609,4.2918180959007303e-10
SalVentAttn_FrOperIns_3 L,1.6862502373341098e-12,4929.7563,5645.2744,4.74059427779519e-10
SalVentAttn_FrOperIns_3 R,5.06704566623018e-12,5209.9434,6718.1646,8.64562994671188e-10
SalVentAttn_FrOperIns_4 L,2.8618519514602297e-12,4884.892,6436.2075,4.3520659417097004e-10
SalVentAttn_FrOperIns_4 R,1.4417188155366499e-12,4706.904,5420.39,5.60673383436659e-10
SalVentAttn_FrOperIns_5 L,1.09733266522871e-12,4731.0693,5483.2476,4.59924302229634e-10
SalVentAttn_FrOperIns_5 R,4.5512086235930695e-12,5181.952,6129.966,6.731882750083801e-10
SalVentAttn_FrOperIns_6 L,2.09509755064907e-12,5071.641,6309.9077,7.39134440535366e-10
SalVentAttn_FrOperIns_6 R,1.92994495200434e-12,5110.456,6601.117,5.91164070075689e-10
SalVentAttn_FrOperIns_7 L,1.18368309636051e-12,5192.882,5942.775,3.48518369142129e-10
SalVentAttn_FrOperIns_7 R,7.78689331621127e-13,4919.2383,5979.787,3.03834636664385e-10
SalVentAttn_FrOperIns_8 L,1.2049220063896998e-12,4933.367,5962.975,4.1844700747323403e-10
SalVentAttn_FrOperIns_8 R,2.5433385165402097e-12,5380.8906,6771.487,5.87101591212072e-10
SalVentAttn_FrOperIns_9 L,4.19123039117125e-12,5457.0464,6833.8037,8.99566177580659e-10
SalVentAttn_FrOperIns_9 R,4.46742258854377e-12,5384.3193,7085.521,7.25004708971543e-10
SalVentAttn_Med_1 L,1.9817972374967897e-12,4930.0684,6271.683,5.10309188813352e-10
SalVentAttn_Med_1 R,1.8297461454212497e-12,3055.9958,3652.296,4.15553757863905e-10
SalVentAttn_Med_10 L,2.85527597282064e-12,5634.6865,6765.6104,4.3278253236788203e-10
SalVentAttn_Med_10 R,1.06324915740901e-12,5320.634,6358.395,3.54159353042854e-10
SalVentAttn_Med_11 L,1.85103355234365e-12,5439.4297,7100.011,4.1036154468124003e-10
SalVentAttn_Med_11 R,3.80426091403064e-12,5236.0044,6880.7603,8.52592173802447e-10
SalVentAttn_Med_12 L,1.9761099189795898e-12,5219.349,6266.7417,3.46188612073176e-10
SalVentAttn_Med_12 R,1.12780099995851e-11,5369.569,6754.463,1.66558551996592e-09
SalVentAttn_Med_13 L,5.8874040403162394e-12,4839.173,6654.1943,8.72784874486596e-10
SalVentAttn_Med_13 R,6.735669144918e-12,4990.218,6634.28,1.04107365582197e-09
SalVentAttn_Med_14 L,1.3243260627823599e-11,5136.8486,6678.2417,1.6054557406718702e-09
SalVentAttn_Med_2 L,2.54413780431063e-12,5119.179,6297.372,8.15144434154225e-10
SalVentAttn_Med_2 R,1.44315659204451e-12,5075.617,6485.922,5.21082730822113e-10
SalVentAttn_Med_3 L,8.85693492031605e-13,5172.136,5909.6113,3.37587834861568e-10
SalVentAttn_Med_3 R,1.56416740966293e-12,4963.577,6051.5493,5.78594829120458e-10
SalVentAttn_Med_4 L,3.97361699546029e-13,5088.3213,6215.3066,1.76677318577178e-10
SalVentAttn_Med_4 R,3.14204809135994e-13,5065.0586,5993.8984,1.47716162406537e-10
SalVentAttn_Med_5 L,7.98198817232132e-13,4952.67,6142.316,3.13219292991194e-10
SalVentAttn_Med_5 R,6.16394167034214e-13,5194.126,6478.564,2.4625175237280103e-10
SalVentAttn_Med_6 L,5.60236796853423e-13,4734.526,5773.0537,2.1660406537219001e-10
SalVentAttn_Med_6 R,1.40451751192709e-12,5260.785,6721.9414,4.98471251292572e-10
SalVentAttn_Med_7 L,2.04097876596856e-12,5129.7656,6390.2285,7.20154191204182e-10
SalVentAttn_Med_7 R,7.97860407134505e-13,5218.3833,6301.058,2.72141816283213e-10
SalVentAttn_Med_8 L,1.0144243188677199e-12,5025.1685,6247.504,3.0854296912496e-10
SalVentAttn_Med_8 R,6.81404778128813e-13,4874.286,5978.099,2.70747570165118e-10
SalVentAttn_Med_9 L,3.8386215429324597e-13,5010.988,6203.5044,1.70197019759885e-10
SalVentAttn_Med_9 R,1.37950708851279e-12,5430.355,6409.4165,3.91214102225176e-10
SalVentAttn_PFCl_1 L,1.5644538451755298e-11,5294.705,6976.3354,2.2344020785142e-09
SalVentAttn_PFCl_1 R,1.69714615788976e-11,5490.4414,7162.3984,2.6908427119386802e-09
SalVentAttn_PFCl_2 L,6.5335801087242095e-12,5288.2646,6783.488,8.785664180972561e-10
SalVentAttn_ParOper_1 L,1.11954919048442e-12,5178.938,6258.533,3.5834531240166003e-10
SalVentAttn_ParOper_2 L,9.21034787112408e-12,5195.734,6306.5967,1.36968297865857e-09
SalVentAttn_ParOper_3 L,7.243001362370239e-12,5328.8037,6390.6523,1.33425745141304e-09
SalVentAttn_ParOper_4 L,8.03867184148508e-12,5004.128,5910.8784,1.12708229961724e-09
SalVentAttn_ParOper_5 L,1.4331581427648899e-11,4930.669,6099.3276,1.8666517183443e-09
SalVentAttn_ParOper_6 L,8.785451820070209e-12,4906.1616,5941.5015,1.2325152909541401e-09
SalVentAttn_PrC_1 R,9.35255675166276e-12,5598.8896,7166.996,1.5743280203727302e-09
SalVentAttn_TempOccPar_1 R,4.70481894402113e-12,5324.393,6440.7383,9.21127672987895e-10
SalVentAttn_TempOccPar_10 R,5.04914944590148e-12,4884.741,6060.692,7.04012703347892e-10
SalVentAttn_TempOccPar_11 R,7.2711460628064695e-12,5075.1084,5981.1675,1.0164858212283902e-09
SalVentAttn_TempOccPar_12 R,1.1673365579493198e-11,4706.3867,5876.3643,1.3532156629871e-09
SalVentAttn_TempOccPar_2 R,4.8982069418024594e-12,5427.9536,6427.38,9.39091744275557e-10
SalVentAttn_TempOccPar_3 R,1.6922491271234499e-12,5256.047,6276.8315,4.48226659172627e-10
SalVentAttn_TempOccPar_4 R,3.41504848768634e-12,5143.638,6189.184,5.85693102605234e-10
SalVentAttn_TempOccPar_5 R,7.06342668550706e-12,5244.9287,6219.9917,1.17013680727197e-09
SalVentAttn_TempOccPar_6 R,1.2702381159533799e-12,5094.362,6179.675,3.95230871472031e-10
SalVentAttn_TempOccPar_7 R,4.9919463843736594e-12,5388.901,6361.9785,8.97417390923292e-10
SalVentAttn_TempOccPar_8 R,7.07995844305691e-12,5098.372,6289.1636,1.21132191136187e-09
SalVentAttn_TempOccPar_9 R,3.9849576035891095e-12,5131.7925,6273.6323,7.30404556982959e-10
SalVentAttn_TempOcc_1 L,4.4360525102227695e-12,5237.042,6313.6064,8.17167664035684e-10
SomMot_1 L,8.923120178398309e-12,4967.2603,5560.5103,1.78255355441954e-09
SomMot_1 R,8.424692710851349e-12,5109.636,5726.507,1.51636144926748e-09
SomMot_10 L,7.83363252599025e-13,5011.507,5935.511,2.84714217508429e-10
SomMot_10 R,7.7616069713064e-13,4895.228,5843.266,2.4077228438017e-10
SomMot_11 L,4.78346937934147e-12,5423.559,6318.8105,9.105939202073051e-10
SomMot_11 R,5.45572146383189e-12,5205.224,6292.934,9.92496723922119e-10
SomMot_12 L,1.04610306501189e-12,5290.3374,6351.502,3.72133498636625e-10
SomMot_12 R,1.23848669504003e-12,5037.1123,5967.959,3.9131295546375803e-10
SomMot_13 L,5.98877342756612e-13,5094.667,6180.232,2.25621758795647e-10
SomMot_13 R,1.52910170495244e-12,5149.33,6360.098,5.55552544285283e-10
SomMot_14 L,2.19823860623731e-12,5258.935,6104.267,6.1326420487276e-10
SomMot_14 R,1.5685062120889399e-12,5328.313,6217.09,4.29138138743341e-10
SomMot_15 L,3.91689687656689e-12,5072.734,6330.864,6.25692648816156e-10
SomMot_15 R,8.232585468745449e-12,5281.668,6347.2017,1.3179924448363e-09
SomMot_16 L,6.0298792312810495e-12,5096.4844,6079.283,7.825724367904451e-10
SomMot_16 R,1.0597085760694998e-12,5407.245,6316.681,3.23350870819261e-10
SomMot_17 L,2.0046300721321997e-12,5459.172,6373.9854,5.910603205942201e-10
SomMot_17 R,5.8655246652280894e-12,5242.469,6015.1875,1.04646172443288e-09
SomMot_18 L,6.58245763426487e-12,5203.127,6062.2583,1.0933745365416202e-09
SomMot_18 R,2.0649919236732897e-11,5265.7524,6440.2925,2.7347724549552404e-09
SomMot_19 L,6.27503456145628e-12,5144.79,6412.41,8.57737408953307e-10
SomMot_19 R,7.85995804893502e-12,4867.3657,5810.4707,1.0687917696993902e-09
SomMot_2 L,4.8681418211249296e-12,5535.911,6331.347,9.93328762244401e-10
SomMot_2 R,4.809499385178899e-12,5177.787,6070.894,9.187929265911171e-10
SomMot_20 L,9.99581852400792e-12,4763.3374,5626.829,1.07636549366818e-09
SomMot_20 R,3.6963921989216495e-12,4942.0254,6207.1934,5.59349491695263e-10
SomMot_21 L,1.07273044209239e-11,5503.551,6646.881,1.2844156594386501e-09
SomMot_21 R,8.313081644308799e-12,5247.8877,6261.7114,9.98765301374063e-10
SomMot_22 L,5.81512554583866e-12,5370.0957,6598.0547,1.04362725685374e-09
SomMot_22 R,6.3894844754807395e-12,5479.7026,6813.4604,1.18724719632061e-09
SomMot_23 L,1.0549909205547499e-11,5030.643,5929.4414,1.02895396471633e-09
SomMot_23 R,3.26253047597063e-12,5904.911,7095.1597,5.44711131848183e-10
SomMot_24 L,6.97232829504992e-12,5668.2515,6785.7983,7.68560854497717e-10
SomMot_24 R,1.29142091178241e-12,4898.3354,6004.2505,4.78879401393561e-10
SomMot_25 L,8.21657167058132e-12,5069.0176,6191.8633,8.29333857626046e-10
SomMot_25 R,9.151632404846999e-13,4867.993,5926.531,3.26914356449527e-10
SomMot_26 L,8.17922201513221e-13,4966.262,5786.5376,3.02261089473745e-10
SomMot_26 R,5.658722295471499e-12,5204.879,6331.706,7.62580274560735e-10
SomMot_27 L,9.642343052804799e-12,5217.81,6718.02,1.23433663627684e-09
SomMot_27 R,8.056781863936639e-12,5697.745,6983.4404,9.63928273004038e-10
SomMot_28 L,1.46147387405385e-12,5544.1973,6815.7964,2.96831710461676e-10
SomMot_28 R,1.0060459830488699e-12,5435.698,6942.338,2.05503950418674e-10
SomMot_29 L,1.54542417583352e-11,5591.348,6732.6963,1.41927677057458e-09
SomMot_29 R,5.59419737473975e-12,5437.194,6968.505,9.20793186797518e-10
SomMot_3 L,6.80303939997784e-13,5421.838,6452.4775,2.67574464366002e-10
SomMot_3 R,5.78615998184873e-12,5596.5815,6686.574,1.27170220918449e-09
SomMot_30 L,1.0354895953302e-11,4976.6997,6226.136,1.1429310263598e-09
SomMot_30 R,1.45864772624317e-11,5116.3496,6360.0845,1.54162231469951e-09
SomMot_31 L,5.94020108321394e-12,5472.96,6797.71,8.202723765486591e-10
SomMot_31 R,1.5214813439448399e-12,5154.8706,6292.005,5.23846833626298e-10
SomMot_32 L,1.65996274647207e-12,5150.007,6184.136,5.95698257592699e-10
SomMot_32 R,1.28895967115914e-12,5343.737,6627.481,4.0153040836635006e-10
SomMot_33 L,1.0474740689747599e-11,5163.633,6361.359,7.66113165455038e-10
SomMot_33 R,8.63292285620235e-12,5613.5303,6937.352,1.07335581190969e-09
SomMot_34 L,3.3350194489534398e-12,5734.0317,7050.6733,4.69242976179636e-10
SomMot_34 R,4.77455199564605e-12,5583.237,7004.396,7.72566494933881e-10
SomMot_35 L,1.2811868981570799e-11,5029.7764,6418.867,1.41637109523532e-09
SomMot_35 R,7.006086462143749e-12,5349.168,6589.363,9.90341530380281e-10
SomMot_36 L,7.27152317017977e-12,5305.5947,6336.3154,6.88177502426412e-10
SomMot_36 R,1.92139192866431e-12,5397.363,6589.277,5.37825912141952e-10
SomMot_37 L,2.0240771022708598e-11,5275.109,6725.9644,2.3298895864964e-09
SomMot_37 R,8.42359230009355e-12,5558.451,6951.077,9.226407777408e-10
SomMot_38 L,4.2047752417784494e-12,5495.8013,6779.725,8.136877179734e-10
SomMot_38 R,1.0918324750961399e-11,5122.3667,6606.8115,1.14026964405254e-09
SomMot_39 L,1.1811440763595999e-12,5288.8765,6477.9927,2.60971864440619e-10
SomMot_39 R,5.80566335005419e-12,5391.343,6532.122,8.13786689738421e-10
SomMot_4 L,4.97163906250364e-12,5386.2373,6292.044,9.73085982301924e-10
SomMot_4 R,5.46338717662152e-12,5270.239,6266.5903,1.10497896266288e-09
SomMot_40 L,3.0325213983558098e-12,5471.618,6625.459,8.509360928314731e-10
SomMot_40 R,2.9670530671161498e-12,5411.9736,6915.375,4.865161275983801e-10
SomMot_41 L,5.9690621487464195e-12,5374.5186,6805.855,9.04562529354942e-10
SomMot_41 R,6.94461019776734e-12,5447.265,6853.2524,1.0245084029357501e-09
SomMot_42 L,1.78770633110895e-12,5265.8574,6433.246,2.69615699148732e-10
SomMot_42 R,9.44205247466936e-12,5215.826,6485.905,1.08012227740828e-09
SomMot_43 L,1.0697827448172899e-11,5612.3433,6979.243,1.0980492213558e-09
SomMot_43 R,2.03415394194279e-12,5553.9395,6701.8696,4.22316917935858e-10
SomMot_44 L,8.54697410556674e-12,5139.367,6249.0347,9.66307972590217e-10
SomMot_44 R,1.33840918260623e-11,5466.0073,6766.878,1.27940269496575e-09
SomMot_45 L,5.42217133068283e-12,5160.7954,6661.523,4.57145532583718e-10
SomMot_45 R,9.14967080967037e-12,5206.6357,6651.08,1.4199379943870402e-09
SomMot_46 L,5.8009511668676894e-12,5190.2227,6556.502,7.289032159735801e-10
SomMot_46 R,3.47632623831618e-12,5697.0747,7039.8516,4.4105793681596003e-10
SomMot_47 L,4.412703909943299e-12,5219.0693,6647.7236,5.890277697660751e-10
SomMot_47 R,1.05834253559919e-12,5417.7773,6772.1074,2.29657884205147e-10
SomMot_48 L,1.90186448466009e-11,5160.958,6418.702,1.52475570807626e-09
SomMot_48 R,2.90232419757237e-12,5202.4077,6687.6914,4.35855022316302e-10
SomMot_49 L,1.0431391614030599e-11,5302.1045,6582.719,8.359665853477981e-10
SomMot_49 R,7.718892301233469e-12,5295.8906,6662.1343,9.05030943520821e-10
SomMot_5 L,6.026996598617829e-12,5228.67,6187.1113,1.1686430551502e-09
SomMot_5 R,6.61138150608752e-13,5293.772,6333.1025,2.99997652984516e-10
SomMot_50 L,5.674830556461659e-12,5556.4316,6931.9976,6.45940047107992e-10
SomMot_50 R,6.42673661032112e-12,4958.5576,6219.527,7.30161036836441e-10
SomMot_51 L,6.315043796420789e-12,5352.153,6706.2783,7.381856055834e-10
SomMot_51 R,1.5696678066250197e-11,5171.7163,6470.555,1.561299646914e-09
SomMot_52 L,1.0332689194786799e-11,4937.741,6368.072,1.13205524909597e-09
SomMot_52 R,5.32702563042489e-12,5117.1206,6479.8525,5.31604322695641e-10
SomMot_53 L,1.4549009714485299e-11,4939.6,6173.455,1.3886478595700902e-09
SomMot_53 R,6.06932711995686e-12,5352.082,6719.1562,5.467149562755471e-10
SomMot_54 L,1.1438869258435399e-11,4914.8457,6367.581,1.1719722871773102e-09
SomMot_54 R,1.01920840950955e-11,5011.5244,6480.3335,7.45154984153883e-10
SomMot_55 L,8.978260981701e-12,5074.208,6497.7715,8.57723095399513e-10
SomMot_55 R,3.6629019382838695e-12,5217.714,6640.095,5.26770208657601e-10
SomMot_56 L,1.2323255801128398e-11,5303.1313,6877.327,7.08434974997934e-10
SomMot_56 R,1.2085977028857299e-11,5371.229,6829.2944,8.74636045520758e-10
SomMot_6 L,9.94005130583989e-13,5698.2783,7149.4204,3.33998037743239e-10
SomMot_6 R,8.83229790227878e-13,5136.0557,5942.5063,3.14014799908447e-10
SomMot_7 L,6.12889467287442e-13,5037.1,5851.0356,2.16833065585776e-10
SomMot_7 R,5.93230155937955e-13,5893.142,7328.629,2.01736746595366e-10
SomMot_8 L,1.0149416284993299e-12,5290.096,6421.5464,3.93248531229866e-10
SomMot_8 R,6.44869587532308e-13,5126.3706,6287.935,2.85016786887415e-10
SomMot_9 L,6.87498373654437e-13,4977.505,5651.098,2.40461777401978e-10
SomMot_9 R,6.60282553180617e-12,5356.8164,6437.622,1.30917719903459e-09
Vis_1 L,9.69393316651782e-13,5320.5503,5921.811,2.52204635319407e-10
Vis_1 R,1.0886955327511899e-11,4480.9023,5197.97,1.6219137406523702e-09
Vis_10 L,8.88704329027168e-12,5019.5874,6149.5396,1.1912233334598702e-09
Vis_10 R,9.17202162395526e-12,5245.4995,6193.33,9.91447739883534e-10
Vis_11 L,3.87552295971449e-13,4486.765,4883.595,6.630925706095169e-11
Vis_11 R,1.03285923503018e-11,6166.354,7125.7617,1.1445043013091602e-09
Vis_12 L,4.41224760932225e-12,6043.306,6843.8384,9.77405991002836e-10
Vis_12 R,1.8769382694047598e-11,5094.506,6077.3823,2.8556891228946304e-09
Vis_13 L,1.00950055918304e-11,6229.785,7344.842,1.4695725401141802e-09
Vis_13 R,3.36120525083685e-12,5721.9053,6451.2754,8.04779354610529e-10
Vis_14 L,1.1109181174191099e-11,4914.2617,6139.7153,1.29113051049094e-09
Vis_14 R,7.81550269009564e-12,6365.203,7163.894,1.4617165766651e-09
Vis_15 L,5.30203670379661e-11,5285.3257,6423.812,4.371121260568651e-09
Vis_15 R,1.78721509526243e-11,6122.9155,7093.97,1.62893010389351e-09
Vis_16 L,2.6842548033597296e-11,6062.771,7103.18,2.32745479566887e-09
Vis_16 R,1.14054749073311e-12,4877.1006,5331.8525,2.13331484214785e-10
Vis_17 L,4.20541619704311e-12,5006.7793,5570.5356,1.75972251057218e-10
Vis_17 R,4.2221131559349893e-11,5254.264,6319.7617,3.7194415741797704e-09
Vis_18 L,1.05931353251731e-11,5074.46,6286.422,1.43911941879175e-09
Vis_18 R,5.16189952124264e-12,6763.6123,7512.2275,8.46645384436309e-10
Vis_19 L,1.21084049717571e-12,6627.519,7399.224,2.7168026232755e-10
Vis_19 R,9.26305095030379e-12,5011.169,6219.958,1.2508761169344902e-09
Vis_2 L,4.4266786278809795e-12,5542.7764,6300.4727,9.595571954408301e-10
Vis_2 R,4.6838593456040894e-12,5568.3604,6364.262,9.60718191531815e-10
Vis_20 L,1.3113083554380199e-12,7023.866,7929.1646,3.19377042651686e-10
Vis_20 R,2.61130842489265e-12,5245.753,5904.619,5.23600441872743e-10
Vis_21 L,1.52285637459233e-12,5545.8857,6173.233,4.04718988424769e-10
Vis_21 R,1.69635592701835e-12,6286.443,7121.502,4.21273308924827e-10
Vis_22 L,8.22071965731014e-12,6534.9287,7574.3457,1.30139145707167e-09
Vis_22 R,2.67613194720031e-12,4010.598,4831.0615,3.35487144897075e-10
Vis_23 L,1.19738219614158e-11,5294.74,6600.1562,1.5702507295091502e-09
Vis_23 R,3.86440580366422e-12,6531.335,7551.43,6.57492418355451e-10
Vis_24 L,2.2319819428367002e-11,5620.3804,6645.4795,1.6844247004237902e-09
Vis_24 R,2.6257708697893398e-11,6106.2344,7082.7637,2.3654607867319304e-09
Vis_25 L,6.51770814602712e-13,4128.602,4814.3247,1.36344757810195e-10
Vis_25 R,1.1916307596704899e-11,5160.9253,6228.1055,2.02987540013842e-09
Vis_26 L,1.4181248034001898e-11,6302.447,7397.409,1.2921936738676102e-09
Vis_26 R,1.48318290032785e-11,5097.837,6321.062,1.29909509390788e-09
Vis_27 L,1.75713079152619e-11,5124.7554,6431.444,1.5705199420480901e-09
Vis_27 R,7.95887725623219e-12,6527.265,7368.7046,1.94830012623998e-09
Vis_28 L,4.641369862812669e-12,6370.012,7249.135,1.11434898174785e-09
Vis_28 R,1.5031281459367798e-11,5322.93,6763.895,2.01189891538958e-09
Vis_29 L,7.341898708206389e-12,5259.633,6334.02,1.13076051639881e-09
Vis_29 R,1.99042631638331e-12,5317.0503,6188.4414,5.72318194470308e-10
Vis_3 L,3.114336900515e-12,4702.5137,5406.189,4.73230311166101e-10
Vis_3 R,1.57338205630078e-12,5109.1304,5819.486,4.7833485539809e-10
Vis_30 L,7.503954937242e-12,5272.681,6743.0317,1.00314224767634e-09
Vis_30 R,1.16616783791685e-11,5157.946,6233.4756,1.04433177428924e-09
Vis_31 L,1.8874309998088097e-12,5410.0513,6266.9883,5.59812593293416e-10
Vis_31 R,4.49906307457679e-12,6766.159,7577.8105,6.69752641714424e-10
Vis_32 L,6.5705389357991795e-12,5090.212,6238.2007,9.271015833611401e-10
Vis_32 R,1.6309211585984898e-11,5011.513,6288.4995,2.3955447584757604e-09
Vis_33 L,6.98236641252439e-12,6644.78,7572.3247,1.0477224968085601e-09
Vis_33 R,3.0137840753294894e-11,5722.4785,6754.8438,2.44730155103374e-09
Vis_34 L,2.5704831548649897e-11,5661.254,6486.5156,1.9695016801803704e-09
Vis_34 R,9.16449155475145e-12,5288.522,6663.816,1.2852296668844301e-09
Vis_35 L,7.756380962235259e-12,5119.346,6363.718,1.06248934574029e-09
Vis_35 R,2.75129630730685e-12,5825.3325,6894.9565,8.34077048318314e-10
Vis_36 L,1.25157497100992e-11,5157.852,6445.7617,1.3826432521588102e-09
Vis_36 R,1.9976174814121098e-11,6356.068,7319.731,2.07714978875747e-09
Vis_37 L,1.8684122620462597e-12,6461.2837,7532.6616,4.0486634713580203e-10
Vis_37 R,1.5403811844667498e-11,5567.4253,6675.0337,1.13426384933366e-09
Vis_38 L,4.90564185677308e-13,5512.645,6502.404,1.50176828489859e-10
Vis_38 R,6.57347503379348e-12,5224.852,6559.469,1.0944351710017902e-09
Vis_39 L,3.5700219135818695e-11,5775.4937,6996.459,2.8546446898697e-09
Vis_39 R,1.17987952758387e-12,5733.5625,7436.6064,3.9671751207897203e-10
Vis_4 L,8.933419890040319e-12,5486.4175,6606.513,1.18715598706791e-09
Vis_4 R,1.5722186786622797e-11,5560.6636,6728.9106,2.0775910944769903e-09
Vis_40 L,5.97803855878235e-12,5360.065,6715.314,9.46729667690214e-10
Vis_40 R,1.3767218245973e-11,5417.809,6738.9067,1.6575656201979801e-09
Vis_41 L,2.58885996401874e-12,5605.169,6804.2656,5.30864873720726e-10
Vis_41 R,4.29417671719525e-12,5651.6567,7000.0723,7.23468203882853e-10
Vis_42 L,1.53691493799672e-11,5247.2812,6421.846,1.52645811141666e-09
Vis_42 R,1.26354419130715e-12,5447.3433,6771.102,2.84613041386566e-10
Vis_43 L,4.77355240972474e-12,5438.256,6904.2783,8.26537244064908e-10
Vis_43 R,2.2502831555687698e-11,5282.004,6611.1597,1.5154437687179302e-09
Vis_44 L,1.4258144633573798e-11,5678.8755,6868.672,1.1885959089003302e-09
Vis_44 R,4.29239108065164e-12,5590.315,7100.7515,5.7222526973659e-10
Vis_45 L,9.671237503030049e-12,5420.3667,6901.237,8.530607018223461e-10
Vis_5 L,2.67545774622922e-12,5292.697,6080.3647,7.95920547520768e-10
Vis_5 R,9.51290652073945e-12,5565.3525,6711.693,1.5601701585507102e-09
Vis_6 L,8.22527728499494e-12,5701.976,6660.3647,1.4914265786985e-09
Vis_6 R,2.26164140569946e-12,5066.7,5789.188,6.29470499513223e-10
Vis_7 L,1.32527764671916e-11,5215.1084,6282.171,1.3781259271113502e-09
Vis_7 R,4.02872794307703e-12,5623.267,6543.836,8.44784474803772e-10
Vis_8 L,2.98290316908569e-11,5940.5825,7223.382,2.9390634786381503e-09
Vis_8 R,9.25648063676365e-13,4600.001,4958.567,1.18689649597335e-10
Vis_9 L,1.33025425662672e-12,5337.476,5921.7344,3.76307535831975e-10
Vis_9 R,2.1531504082941398e-11,5826.8013,7159.525,2.111814727222e-09
