region,cmro2,cmrglu
Vis_1 L,5320.5503,5921.811
Vis_2 L,5542.7764,6300.4727
Vis_3 L,4702.5137,5406.189
Vis_4 L,5486.4175,6606.513
Vis_5 L,5292.697,6080.3647
Vis_6 L,5701.976,6660.3647
Vis_7 L,5215.1084,6282.171
Vis_8 L,5940.5825,7223.382
Vis_9 L,5337.476,5921.7344
Vis_10 L,5019.5874,6149.5396
Vis_11 L,4486.765,4883.595
Vis_12 L,6043.306,6843.8384
Vis_13 L,6229.785,7344.842
Vis_14 L,4914.2617,6139.7153
Vis_15 L,5285.3257,6423.812
Vis_16 L,6062.771,7103.18
Vis_17 L,5006.7793,5570.5356
Vis_18 L,5074.46,6286.422
Vis_19 L,6627.519,7399.224
Vis_20 L,7023.866,7929.1646
Vis_21 L,5545.8857,6173.233
Vis_22 L,6534.9287,7574.3457
Vis_23 L,5294.74,6600.1562
Vis_24 L,5620.3804,6645.4795
Vis_25 L,4128.602,4814.3247
Vis_26 L,6302.447,7397.409
Vis_27 L,5124.7554,6431.444
Vis_28 L,6370.012,7249.135
Vis_29 L,5259.633,6334.02
Vis_30 L,5272.681,6743.0317
Vis_31 L,5410.0513,6266.9883
Vis_32 L,5090.212,6238.2007
Vis_33 L,6644.78,7572.3247
Vis_34 L,5661.254,6486.5156
Vis_35 L,5119.346,6363.718
Vis_36 L,5157.852,6445.7617
Vis_37 L,6461.2837,7532.6616
Vis_38 L,5512.645,6502.404
Vis_39 L,5775.4937,6996.459
Vis_40 L,5360.065,6715.314
Vis_41 L,5605.169,6804.2656
Vis_42 L,5247.2812,6421.846
Vis_43 L,5438.256,6904.2783
Vis_44 L,5678.8755,6868.672
Vis_45 L,5420.3667,6901.237
SomMot_1 L,4967.2603,5560.5103
SomMot_2 L,5535.911,6331.347
SomMot_3 L,5421.838,6452.4775
SomMot_4 L,5386.2373,6292.044
SomMot_5 L,5228.67,6187.1113
SomMot_6 L,5698.2783,7149.4204
SomMot_7 L,5037.1,5851.0356
SomMot_8 L,5290.096,6421.5464
SomMot_9 L,4977.505,5651.098
SomMot_10 L,5011.507,5935.511
SomMot_11 L,5423.559,6318.8105
SomMot_12 L,5290.3374,6351.502
SomMot_13 L,5094.667,6180.232
SomMot_14 L,5258.935,6104.267
SomMot_15 L,5072.734,6330.864
SomMot_16 L,5096.4844,6079.283
SomMot_17 L,5459.172,6373.9854
SomMot_18 L,5203.127,6062.2583
SomMot_19 L,5144.79,6412.41
SomMot_20 L,4763.3374,5626.829
SomMot_21 L,5503.551,6646.881
SomMot_22 L,5370.0957,6598.0547
SomMot_23 L,5030.643,5929.4414
SomMot_24 L,5668.2515,6785.7983
SomMot_25 L,5069.0176,6191.8633
SomMot_26 L,4966.262,5786.5376
SomMot_27 L,5217.81,6718.02
SomMot_28 L,5544.1973,6815.7964
SomMot_29 L,5591.348,6732.6963
SomMot_30 L,4976.6997,6226.136
SomMot_31 L,5472.96,6797.71
SomMot_32 L,5150.007,6184.136
SomMot_33 L,5163.633,6361.359
SomMot_34 L,5734.0317,7050.6733
SomMot_35 L,5029.7764,6418.867
SomMot_36 L,5305.5947,6336.3154
SomMot_37 L,5275.109,6725.9644
SomMot_38 L,5495.8013,6779.725
SomMot_39 L,5288.8765,6477.9927
SomMot_40 L,5471.618,6625.459
SomMot_41 L,5374.5186,6805.855
SomMot_42 L,5265.8574,6433.246
SomMot_43 L,5612.3433,6979.243
SomMot_44 L,5139.367,6249.0347
SomMot_45 L,5160.7954,6661.523
SomMot_46 L,5190.2227,6556.502
SomMot_47 L,5219.0693,6647.7236
SomMot_48 L,5160.958,6418.702
SomMot_49 L,5302.1045,6582.719
SomMot_50 L,5556.4316,6931.9976
SomMot_51 L,5352.153,6706.2783
SomMot_52 L,4937.741,6368.072
SomMot_53 L,4939.6,6173.455
SomMot_54 L,4914.8457,6367.581
SomMot_55 L,5074.208,6497.7715
SomMot_56 L,5303.1313,6877.327
DorsAttn_Post_1 L,4859.204,5885.12
DorsAttn_Post_2 L,5051.1147,6110.812
DorsAttn_Post_3 L,5126.338,6172.5503
DorsAttn_Post_4 L,5025.333,6139.0464
DorsAttn_Post_5 L,4975.1543,6040.843
DorsAttn_Post_6 L,5180.674,6265.872
DorsAttn_Post_7 L,5351.2983,6394.169
DorsAttn_Post_8 L,5278.02,6605.4443
DorsAttn_Post_9 L,5303.089,6917.848
DorsAttn_Post_10 L,5379.3745,7181.721
DorsAttn_Post_11 L,5063.3296,6143.499
DorsAttn_Post_12 L,5120.8696,6315.0835
DorsAttn_Post_13 L,5502.606,7282.3687
DorsAttn_Post_14 L,5079.417,6238.0645
DorsAttn_Post_15 L,5375.687,7096.5327
DorsAttn_Post_16 L,5462.3647,6876.3433
DorsAttn_Post_17 L,5404.54,7008.6616
DorsAttn_Post_18 L,5219.794,6373.881
DorsAttn_Post_19 L,5614.9927,7196.4688
DorsAttn_Post_20 L,5382.4595,6987.6646
DorsAttn_Post_21 L,5649.9014,7149.0986
DorsAttn_Post_22 L,5696.3535,7086.6826
DorsAttn_Post_23 L,5269.625,6517.111
DorsAttn_Post_24 L,5123.5493,6612.9136
DorsAttn_Post_25 L,5021.0283,6408.938
DorsAttn_Post_26 L,5314.421,6517.2124
DorsAttn_Post_27 L,4880.6357,6118.668
DorsAttn_Post_28 L,4950.3896,6251.123
DorsAttn_FEF_1 L,5498.414,7032.6084
DorsAttn_FEF_2 L,5191.703,6864.3457
DorsAttn_FEF_3 L,5298.5356,6766.4805
DorsAttn_FEF_4 L,5021.3174,6630.2305
DorsAttn_PrCv_1 L,5478.999,7148.7915
DorsAttn_PrCv_2 L,5183.132,6621.908
DorsAttn_PrCv_3 L,5405.0015,7166.7935
SalVentAttn_ParOper_1 L,5178.938,6258.533
SalVentAttn_ParOper_2 L,5195.734,6306.5967
SalVentAttn_ParOper_3 L,5328.8037,6390.6523
SalVentAttn_ParOper_4 L,5004.128,5910.8784
SalVentAttn_ParOper_5 L,4930.669,6099.3276
SalVentAttn_ParOper_6 L,4906.1616,5941.5015
SalVentAttn_TempOcc_1 L,5237.042,6313.6064
SalVentAttn_FrOperIns_1 L,4167.9873,4156.8105
SalVentAttn_FrOperIns_2 L,4202.1206,4796.2827
SalVentAttn_FrOperIns_3 L,4929.7563,5645.2744
SalVentAttn_FrOperIns_4 L,4884.892,6436.2075
SalVentAttn_FrOperIns_5 L,4731.0693,5483.2476
SalVentAttn_FrOperIns_6 L,5071.641,6309.9077
SalVentAttn_FrOperIns_7 L,5192.882,5942.775
SalVentAttn_FrOperIns_8 L,4933.367,5962.975
SalVentAttn_FrOperIns_9 L,5457.0464,6833.8037
SalVentAttn_FrOperIns_10 L,5352.448,6345.1104
SalVentAttn_FrOperIns_11 L,5344.814,6847.6743
SalVentAttn_PFCl_1 L,5294.705,6976.3354
SalVentAttn_PFCl_2 L,5288.2646,6783.488
SalVentAttn_Med_1 L,4930.0684,6271.683
SalVentAttn_Med_2 L,5119.179,6297.372
SalVentAttn_Med_3 L,5172.136,5909.6113
SalVentAttn_Med_4 L,5088.3213,6215.3066
SalVentAttn_Med_5 L,4952.67,6142.316
SalVentAttn_Med_6 L,4734.526,5773.0537
SalVentAttn_Med_7 L,5129.7656,6390.2285
SalVentAttn_Med_8 L,5025.1685,6247.504
SalVentAttn_Med_9 L,5010.988,6203.5044
SalVentAttn_Med_10 L,5634.6865,6765.6104
SalVentAttn_Med_11 L,5439.4297,7100.011
SalVentAttn_Med_12 L,5219.349,6266.7417
SalVentAttn_Med_13 L,4839.173,6654.1943
SalVentAttn_Med_14 L,5136.8486,6678.2417
Limbic_OFC_1 L,4938.7803,5905.3096
Limbic_OFC_2 L,4614.3896,5896.7705
Limbic_OFC_3 L,4967.8647,6498.8413
Limbic_OFC_4 L,4133.4004,5164.5815
Limbic_OFC_5 L,5102.363,6496.603
Limbic_OFC_6 L,5502.236,6872.112
Limbic_OFC_7 L,3826.3486,4657.2935
Limbic_OFC_8 L,4910.1133,6240.586
Limbic_TempPole_1 L,4119.635,4649.8345
Limbic_TempPole_2 L,4303.567,5187.631
Limbic_TempPole_3 L,3907.2583,4449.62
Limbic_TempPole_4 L,4301.7754,4997.5415
Limbic_TempPole_5 L,4353.3486,5114.4995
Limbic_TempPole_6 L,3546.3774,4101.2236
Limbic_TempPole_7 L,3957.695,4727.8027
Limbic_TempPole_8 L,4661.9346,5749.235
Limbic_TempPole_9 L,4126.4697,4711.012
Limbic_TempPole_10 L,4892.4434,5690.5464
Limbic_TempPole_11 L,4105.0293,4715.7344
Limbic_TempPole_12 L,4426.1743,5120.3657
Limbic_TempPole_13 L,3677.0083,4018.9287
Limbic_TempPole_14 L,4115.121,4474.0244
Cont_Par_1 L,5544.7544,7220.1123
Cont_Par_2 L,4904.079,6288.737
Cont_Par_3 L,5288.801,6969.923
Cont_Par_4 L,5125.165,6658.3433
Cont_Par_5 L,5629.268,7442.3657
Cont_Par_6 L,5629.2305,7385.3467
Cont_Par_7 L,5401.758,6925.6865
Cont_Par_8 L,5657.1226,7512.878
Cont_Par_9 L,5444.385,7107.5005
Cont_Temp_1 L,4788.475,6031.3276
Cont_PFCd_1 L,5241.669,7185.202
Cont_PFCd_2 L,5082.031,6886.915
Cont_OFC_1 L,4834.4673,6308.136
Cont_PFCl_1 L,5040.0273,6767.5596
Cont_PFCl_2 L,5193.7944,6943.26
Cont_PFCl_3 L,5359.109,7243.871
Cont_PFCl_4 L,5505.9004,7432.926
Cont_PFCl_5 L,5344.833,7230.071
Cont_PFCl_6 L,5460.9526,7149.044
Cont_PFCl_7 L,5473.114,7327.9126
Cont_PFCl_8 L,5217.188,6967.9536
Cont_PFCl_9 L,5444.2856,7377.4
Cont_PFCl_10 L,5365.331,7277.145
Cont_PFCl_11 L,5225.103,6899.889
Cont_PFCl_12 L,5344.1533,7435.467
Cont_PFCl_13 L,5407.394,7529.118
Cont_PFCv_1 L,4792.7534,5536.901
Cont_PFCv_2 L,5099.8794,6590.053
Cont_pCun_1 L,5847.3647,7708.6504
Cont_pCun_2 L,5654.117,6984.7363
Cont_Cing_1 L,2281.0266,3158.1892
Cont_Cing_2 L,2444.647,2814.6045
Cont_Cing_3 L,2673.2168,3644.7383
Cont_Cing_4 L,2561.3267,3094.062
Cont_PFCmp_1 L,5324.1255,7136.6343
Cont_PFCmp_2 L,5449.678,7160.488
Default_Temp_1 L,4414.1895,5304.151
Default_Temp_2 L,4579.362,5808.6016
Default_Temp_3 L,4337.229,5006.9937
Default_Temp_4 L,4792.868,6134.685
Default_Temp_5 L,4632.7046,5719.6206
Default_Temp_6 L,4665.6646,5512.006
Default_Temp_7 L,4928.2646,6195.024
Default_Temp_8 L,4880.213,5905.8784
Default_Temp_9 L,5102.004,5966.098
Default_Temp_10 L,5063.7793,6017.5625
Default_Temp_11 L,5047.2466,6044.831
Default_Temp_12 L,5195.226,6160.4424
Default_Par_1 L,5076.281,6131.7007
Default_Par_2 L,5113.084,6223.977
Default_Par_3 L,5191.2144,6186.549
Default_Par_4 L,5320.9277,6486.9385
Default_Par_5 L,5240.479,6473.0317
Default_Par_6 L,5283.3228,6577.1123
Default_Par_7 L,4916.307,6251.131
Default_Par_8 L,5049.6504,6297.531
Default_Par_9 L,5271.0854,6781.455
Default_Par_10 L,5292.6724,6790.0913
Default_Par_11 L,5041.508,6673.3657
Default_Par_12 L,5299.366,6813.553
Default_Par_13 L,5057.4507,6752.671
Default_PFC_1 L,4822.8315,5711.606
Default_PFC_2 L,5145.063,6892.0713
Default_PFC_3 L,5079.3975,6548.6895
Default_PFC_4 L,5329.9463,6716.169
Default_PFC_5 L,5130.6724,6677.9033
Default_PFC_6 L,4890.8525,6143.334
Default_PFC_7 L,5074.08,6656.7026
Default_PFC_8 L,5449.1763,7233.823
Default_PFC_9 L,5206.203,6956.1035
Default_PFC_10 L,4872.358,6513.491
Default_PFC_11 L,4569.539,5705.121
Default_PFC_12 L,5267.761,6930.754
Default_PFC_13 L,5272.642,7063.777
Default_PFC_14 L,5137.406,6579.2695
Default_PFC_15 L,2880.9978,3430.947
Default_PFC_16 L,4765.1523,6311.555
Default_PFC_17 L,4870.3774,6338.159
Default_PFC_18 L,5259.9697,6888.4985
Default_PFC_19 L,4950.2603,6608.181
Default_PFC_20 L,5108.595,6778.317
Default_PFC_21 L,4667.21,6220.6113
Default_PFC_22 L,5257.8555,7038.376
Default_PFC_23 L,5082.609,6987.8247
Default_PFC_24 L,5399.1924,7171.5225
Default_PFC_25 L,4664.6567,6381.9463
Default_PFC_26 L,5138.303,7108.56
Default_PFC_27 L,5111.04,7071.719
Default_PFC_28 L,4825.2163,6599.292
Default_PFC_29 L,5093.292,6908.189
Default_pCunPCC_1 L,4758.059,5825.203
Default_pCunPCC_2 L,2155.75,2796.7373
Default_pCunPCC_3 L,5619.8833,6925.0186
Default_pCunPCC_4 L,5746.87,7351.563
Default_pCunPCC_5 L,5246.1323,6656.027
Default_pCunPCC_6 L,6031.6235,7837.273
Default_pCunPCC_7 L,5627.4507,7341.644
Default_pCunPCC_8 L,5504.1855,7480.38
Default_pCunPCC_9 L,5738.4185,7790.082
Default_pCunPCC_10 L,5997.111,7711.2905
Default_pCunPCC_11 L,5614.3965,7418.6396
Default_pCunPCC_12 L,5344.907,6664.7153
Default_pCunPCC_13 L,5271.908,6693.106
Default_pCunPCC_14 L,5561.5273,7194.579
Default_pCunPCC_15 L,6094.0054,7790.9453
Default_pCunPCC_16 L,5723.9644,7070.204
Default_pCunPCC_17 L,5669.8896,7006.1416
Default_PHC_1 L,4866.037,5325.8647
Vis_1 R,4480.9023,5197.97
Vis_2 R,5568.3604,6364.262
Vis_3 R,5109.1304,5819.486
Vis_4 R,5560.6636,6728.9106
Vis_5 R,5565.3525,6711.693
Vis_6 R,5066.7,5789.188
Vis_7 R,5623.267,6543.836
Vis_8 R,4600.001,4958.567
Vis_9 R,5826.8013,7159.525
Vis_10 R,5245.4995,6193.33
Vis_11 R,6166.354,7125.7617
Vis_12 R,5094.506,6077.3823
Vis_13 R,5721.9053,6451.2754
Vis_14 R,6365.203,7163.894
Vis_15 R,6122.9155,7093.97
Vis_16 R,4877.1006,5331.8525
Vis_17 R,5254.264,6319.7617
Vis_18 R,6763.6123,7512.2275
Vis_19 R,5011.169,6219.958
Vis_20 R,5245.753,5904.619
Vis_21 R,6286.443,7121.502
Vis_22 R,4010.598,4831.0615
Vis_23 R,6531.335,7551.43
Vis_24 R,6106.2344,7082.7637
Vis_25 R,5160.9253,6228.1055
Vis_26 R,5097.837,6321.062
Vis_27 R,6527.265,7368.7046
Vis_28 R,5322.93,6763.895
Vis_29 R,5317.0503,6188.4414
Vis_30 R,5157.946,6233.4756
Vis_31 R,6766.159,7577.8105
Vis_32 R,5011.513,6288.4995
Vis_33 R,5722.4785,6754.8438
Vis_34 R,5288.522,6663.816
Vis_35 R,5825.3325,6894.9565
Vis_36 R,6356.068,7319.731
Vis_37 R,5567.4253,6675.0337
Vis_38 R,5224.852,6559.469
Vis_39 R,5733.5625,7436.6064
Vis_40 R,5417.809,6738.9067
Vis_41 R,5651.6567,7000.0723
Vis_42 R,5447.3433,6771.102
Vis_43 R,5282.004,6611.1597
Vis_44 R,5590.315,7100.7515
SomMot_1 R,5109.636,5726.507
SomMot_2 R,5177.787,6070.894
SomMot_3 R,5596.5815,6686.574
SomMot_4 R,5270.239,6266.5903
SomMot_5 R,5293.772,6333.1025
SomMot_6 R,5136.0557,5942.5063
SomMot_7 R,5893.142,7328.629
SomMot_8 R,5126.3706,6287.935
SomMot_9 R,5356.8164,6437.622
SomMot_10 R,4895.228,5843.266
SomMot_11 R,5205.224,6292.934
SomMot_12 R,5037.1123,5967.959
SomMot_13 R,5149.33,6360.098
SomMot_14 R,5328.313,6217.09
SomMot_15 R,5281.668,6347.2017
SomMot_16 R,5407.245,6316.681
SomMot_17 R,5242.469,6015.1875
SomMot_18 R,5265.7524,6440.2925
SomMot_19 R,4867.3657,5810.4707
SomMot_20 R,4942.0254,6207.1934
SomMot_21 R,5247.8877,6261.7114
SomMot_22 R,5479.7026,6813.4604
SomMot_23 R,5904.911,7095.1597
SomMot_24 R,4898.3354,6004.2505
SomMot_25 R,4867.993,5926.531
SomMot_26 R,5204.879,6331.706
SomMot_27 R,5697.745,6983.4404
SomMot_28 R,5435.698,6942.338
SomMot_29 R,5437.194,6968.505
SomMot_30 R,5116.3496,6360.0845
SomMot_31 R,5154.8706,6292.005
SomMot_32 R,5343.737,6627.481
SomMot_33 R,5613.5303,6937.352
SomMot_34 R,5583.237,7004.396
SomMot_35 R,5349.168,6589.363
SomMot_36 R,5397.363,6589.277
SomMot_37 R,5558.451,6951.077
SomMot_38 R,5122.3667,6606.8115
SomMot_39 R,5391.343,6532.122
SomMot_40 R,5411.9736,6915.375
SomMot_41 R,5447.265,6853.2524
SomMot_42 R,5215.826,6485.905
SomMot_43 R,5553.9395,6701.8696
SomMot_44 R,5466.0073,6766.878
SomMot_45 R,5206.6357,6651.08
SomMot_46 R,5697.0747,7039.8516
SomMot_47 R,5417.7773,6772.1074
SomMot_48 R,5202.4077,6687.6914
SomMot_49 R,5295.8906,6662.1343
SomMot_50 R,4958.5576,6219.527
SomMot_51 R,5171.7163,6470.555
SomMot_52 R,5117.1206,6479.8525
SomMot_53 R,5352.082,6719.1562
SomMot_54 R,5011.5244,6480.3335
SomMot_55 R,5217.714,6640.095
SomMot_56 R,5371.229,6829.2944
DorsAttn_Post_1 R,4923.123,5684.0894
DorsAttn_Post_2 R,5068.6772,6089.295
DorsAttn_Post_3 R,5107.463,6139.0103
DorsAttn_Post_4 R,5351.149,6366.801
DorsAttn_Post_5 R,5354.7783,6224.0513
DorsAttn_Post_6 R,4785.178,5906.406
DorsAttn_Post_7 R,4868.68,6092.3906
DorsAttn_Post_8 R,5338.451,6894.083
DorsAttn_Post_9 R,5576.9624,7032.2256
DorsAttn_Post_10 R,5250.1226,6185.711
DorsAttn_Post_11 R,5414.998,6763.9253
DorsAttn_Post_12 R,5489.533,6824.003
DorsAttn_Post_13 R,5515.0894,7180.3257
DorsAttn_Post_14 R,5605.452,7248.4634
DorsAttn_Post_15 R,5201.658,6320.0947
DorsAttn_Post_16 R,5438.208,6823.807
DorsAttn_Post_17 R,5481.6475,7030.136
DorsAttn_Post_18 R,5542.02,7055.701
DorsAttn_Post_19 R,5387.121,6947.547
DorsAttn_Post_20 R,5282.717,6479.744
DorsAttn_Post_21 R,5603.5244,7014.731
DorsAttn_Post_22 R,5447.696,6945.228
DorsAttn_Post_23 R,5544.801,6794.4365
DorsAttn_Post_24 R,5643.4604,6824.3696
DorsAttn_Post_25 R,5269.4683,6769.155
DorsAttn_Post_26 R,5468.8623,6839.2124
DorsAttn_Post_27 R,4938.3047,6422.0146
DorsAttn_Post_28 R,4929.958,6472.864
DorsAttn_Post_29 R,5109.069,6396.5913
DorsAttn_Post_30 R,5297.0527,6444.379
DorsAttn_Post_31 R,4996.5293,6302.451
DorsAttn_FEF_1 R,5554.87,7207.0557
DorsAttn_FEF_2 R,5367.16,7139.59
DorsAttn_FEF_3 R,5434.5317,7029.0435
DorsAttn_FEF_4 R,5398.0713,6895.753
DorsAttn_PrCv_1 R,5665.1533,7330.8467
DorsAttn_PrCv_2 R,5735.3735,7131.3257
SalVentAttn_TempOccPar_1 R,5324.393,6440.7383
SalVentAttn_TempOccPar_2 R,5427.9536,6427.38
SalVentAttn_TempOccPar_3 R,5256.047,6276.8315
SalVentAttn_TempOccPar_4 R,5143.638,6189.184
SalVentAttn_TempOccPar_5 R,5244.9287,6219.9917
SalVentAttn_TempOccPar_6 R,5094.362,6179.675
SalVentAttn_TempOccPar_7 R,5388.901,6361.9785
SalVentAttn_TempOccPar_8 R,5098.372,6289.1636
SalVentAttn_TempOccPar_9 R,5131.7925,6273.6323
SalVentAttn_TempOccPar_10 R,4884.741,6060.692
SalVentAttn_TempOccPar_11 R,5075.1084,5981.1675
SalVentAttn_TempOccPar_12 R,4706.3867,5876.3643
SalVentAttn_PrC_1 R,5598.8896,7166.996
SalVentAttn_FrOperIns_1 R,4105.3247,4314.2935
SalVentAttn_FrOperIns_2 R,4677.4023,5368.609
SalVentAttn_FrOperIns_3 R,5209.9434,6718.1646
SalVentAttn_FrOperIns_4 R,4706.904,5420.39
SalVentAttn_FrOperIns_5 R,5181.952,6129.966
SalVentAttn_FrOperIns_6 R,5110.456,6601.117
SalVentAttn_FrOperIns_7 R,4919.2383,5979.787
SalVentAttn_FrOperIns_8 R,5380.8906,6771.487
SalVentAttn_FrOperIns_9 R,5384.3193,7085.521
SalVentAttn_FrOperIns_10 R,5434.0615,6621.249
SalVentAttn_FrOperIns_11 R,5502.853,7089.0273
SalVentAttn_FrOperIns_12 R,5383.0537,6873.0957
SalVentAttn_PFCl_1 R,5490.4414,7162.3984
SalVentAttn_Med_1 R,3055.9958,3652.296
SalVentAttn_Med_2 R,5075.617,6485.922
SalVentAttn_Med_3 R,4963.577,6051.5493
SalVentAttn_Med_4 R,5065.0586,5993.8984
SalVentAttn_Med_5 R,5194.126,6478.564
SalVentAttn_Med_6 R,5260.785,6721.9414
SalVentAttn_Med_7 R,5218.3833,6301.058
SalVentAttn_Med_8 R,4874.286,5978.099
SalVentAttn_Med_9 R,5430.355,6409.4165
SalVentAttn_Med_10 R,5320.634,6358.395
SalVentAttn_Med_11 R,5236.0044,6880.7603
SalVentAttn_Med_12 R,5369.569,6754.463
SalVentAttn_Med_13 R,4990.218,6634.28
Limbic_OFC_1 R,5091.9863,6113.2896
Limbic_OFC_2 R,5276.6475,6734.7007
Limbic_OFC_3 R,5004.7197,6141.934
Limbic_OFC_4 R,5091.55,6690.177
Limbic_OFC_5 R,5263.03,6673.149
Limbic_OFC_6 R,4534.0493,5356.558
Limbic_OFC_7 R,5221.4575,6540.846
Limbic_OFC_8 R,4755.6055,6044.672
Limbic_OFC_9 R,4941.6406,6435.024
Limbic_TempPole_1 R,4192.33,4804.5728
Limbic_TempPole_2 R,4138.4985,4709.7393
Limbic_TempPole_3 R,3976.0469,4394.018
Limbic_TempPole_4 R,4172.083,4930.022
Limbic_TempPole_5 R,3469.3716,3871.2368
Limbic_TempPole_6 R,4518.0376,5516.545
Limbic_TempPole_7 R,3746.2837,4116.2085
Limbic_TempPole_8 R,4688.7676,5414.1167
Limbic_TempPole_9 R,4195.88,4838.1455
Limbic_TempPole_10 R,4125.76,4688.6846
Limbic_TempPole_11 R,4289.9126,4784.711
Cont_Par_1 R,5218.733,6701.134
Cont_Par_2 R,5044.588,6472.538
Cont_Par_3 R,5192.4116,6738.8765
Cont_Par_4 R,5577.856,7015.2285
Cont_Par_5 R,5382.554,7083.701
Cont_Par_6 R,5693.3286,7194.2026
Cont_Par_7 R,5571.564,7196.432
Cont_Par_8 R,5762.007,7179.601
Cont_Par_9 R,5598.813,7117.917
Cont_Temp_1 R,4892.357,6157.2397
Cont_Temp_2 R,4855.756,6163.077
Cont_PFCv_1 R,5123.3726,6450.252
Cont_PFCl_1 R,5107.298,6534.144
Cont_PFCl_2 R,4938.824,6320.2812
Cont_PFCl_3 R,4943.2554,6834.389
Cont_PFCl_4 R,5471.051,7225.1084
Cont_PFCl_5 R,5200.4233,6822.2905
Cont_PFCl_6 R,5312.5947,7132.2393
Cont_PFCl_7 R,5637.2896,7559.712
Cont_PFCl_8 R,5570.509,7499.4326
Cont_PFCl_9 R,5452.216,7365.546
Cont_PFCl_10 R,5459.763,7365.56
Cont_PFCl_11 R,5466.457,7321.769
Cont_PFCl_12 R,5436.7085,7336.689
Cont_PFCl_13 R,5441.012,7209.4087
Cont_PFCl_14 R,5602.6387,7370.0996
Cont_PFCl_15 R,5477.904,7411.373
Cont_PFCl_16 R,5530.444,7386.2305
Cont_PFCl_17 R,5356.2305,7246.3594
Cont_PFCl_18 R,5526.616,7465.9165
Cont_PFCl_19 R,5631.638,7552.4033
Cont_PFCl_20 R,5084.665,7065.698
Cont_PFCl_21 R,5408.306,7257.5454
Cont_PFCl_22 R,5305.9355,7223.423
Cont_PFCl_23 R,5238.1606,7042.244
Cont_PFCl_24 R,5255.0137,6909.1885
Cont_PFCl_25 R,5103.9463,6802.2324
Cont_pCun_1 R,5882.5117,7995.071
Cont_pCun_2 R,5645.537,7495.6333
Cont_Cing_1 R,2608.3022,3383.1028
Cont_Cing_2 R,2365.3826,3069.714
Cont_Cing_3 R,1857.9988,2258.0337
Cont_Cing_4 R,2368.4202,2911.5923
Cont_PFCmp_1 R,4942.5146,6399.0645
Cont_PFCmp_2 R,5131.709,6815.7197
Cont_PFCmp_3 R,5336.239,7090.134
Default_Par_1 R,5434.4204,6430.0225
Default_Par_2 R,5495.4663,6548.84
Default_Par_3 R,5181.4673,6441.8345
Default_Par_4 R,5275.6265,6460.2705
Default_Par_5 R,5402.115,6824.8
Default_Par_6 R,5164.4976,6421.031
Default_Par_7 R,5084.816,6739.24
Default_Par_8 R,5272.8857,6892.6772
Default_Temp_1 R,4272.5796,5048.003
Default_Temp_2 R,4571.526,5758.784
Default_Temp_3 R,4451.9194,5192.154
Default_Temp_4 R,4658.43,5719.232
Default_Temp_5 R,4863.614,6267.642
Default_Temp_6 R,4744.438,5656.2676
Default_Temp_7 R,5147.0786,6342.3203
Default_Temp_8 R,5052.4907,5905.0317
Default_Temp_9 R,5074.34,5930.496
Default_Temp_10 R,5210.4355,6419.2466
Default_Temp_11 R,5091.0347,6182.4985
Default_PFCv_1 R,5047.132,6083.2188
Default_PFCv_2 R,5138.256,7010.0083
Default_PFCv_3 R,5298.143,6834.7485
Default_PFCv_4 R,5149.5195,6749.039
Default_PFCv_5 R,5276.288,6886.282
Default_PFCv_6 R,5301.6587,7030.6284
Default_PFCdPFCm_1 R,4117.027,4890.766
Default_PFCdPFCm_2 R,5146.7407,6661.831
Default_PFCdPFCm_3 R,5012.2837,6484.522
Default_PFCdPFCm_4 R,4415.7534,5452.5474
Default_PFCdPFCm_5 R,5128.2285,6496.1943
Default_PFCdPFCm_6 R,5072.6445,6488.7974
Default_PFCdPFCm_7 R,4877.613,6129.574
Default_PFCdPFCm_8 R,5035.59,6596.1914
Default_PFCdPFCm_9 R,1943.3236,2281.3628
Default_PFCdPFCm_10 R,4952.3735,6418.934
Default_PFCdPFCm_11 R,5128.683,6625.922
Default_PFCdPFCm_12 R,4968.4165,6574.861
Default_PFCdPFCm_13 R,5372.3545,7146.082
Default_PFCdPFCm_14 R,4777.8574,6394.312
Default_PFCdPFCm_15 R,5187.155,6933.571
Default_PFCdPFCm_16 R,5402.5654,7121.0493
Default_PFCdPFCm_17 R,4832.4297,6568.856
Default_PFCdPFCm_18 R,5283.8843,7081.3447
Default_PFCdPFCm_19 R,4887.4336,6639.716
Default_pCunPCC_1 R,4570.793,5619.545
Default_pCunPCC_2 R,2946.75,3740.6287
Default_pCunPCC_3 R,5426.868,6837.708
Default_pCunPCC_4 R,5822.5903,7238.7646
Default_pCunPCC_5 R,5935.0654,7474.8867
Default_pCunPCC_6 R,5992.935,7728.8696
Default_pCunPCC_7 R,5611.4395,7044.1387
Default_pCunPCC_8 R,5627.8145,7203.7046
Default_pCunPCC_9 R,5466.4004,6916.3057
Default_pCunPCC_10 R,6130.615,7981.969
Default_pCunPCC_11 R,5608.8096,7122.752
Default_pCunPCC_12 R,5565.177,6967.8306
Default_pCunPCC_13 R,5786.0957,7056.2217
Default_pCunPCC_14 R,5750.7397,7305.5493
