s17_name,s7_name
"Background+FreeSurfer_Defined_Medial_Wall L","Background+FreeSurfer_Defined_Medial_Wall L"
"Background+FreeSurfer_Defined_Medial_Wall R","Background+FreeSurfer_Defined_Medial_Wall R"
"ContA_Cingm_1 L","Cont_Cing_4 L"
"ContA_Cingm_1 R","Cont_Cing_3 R"
"ContA_IPS_1 L","Cont_Par_1 L"
"ContA_IPS_1 R","DorsAttn_Post_9 R"
"ContA_IPS_2 L","Cont_Par_2 L"
"ContA_IPS_2 R","Cont_Par_4 R"
"ContA_IPS_3 L","Cont_Par_7 L"
"ContA_IPS_3 R","DorsAttn_Post_11 R"
"ContA_IPS_4 L","Cont_Par_8 L"
"ContA_IPS_4 R","DorsAttn_Post_12 R"
"ContA_IPS_5 L","Cont_Par_9 L"
"ContA_IPS_5 R","Cont_Par_7 R"
"ContA_IPS_6 L","DorsAttn_Post_16 L"
"ContA_IPS_6 R","Cont_Par_8 R"
"ContA_IPS_7 R","DorsAttn_Post_13 R"
"ContA_IPS_8 R","Cont_Par_9 R"
"ContA_PFCd_1 L","Cont_PFCd_1 L"
"ContA_PFCd_1 R","DorsAttn_FEF_2 R"
"ContA_PFCd_2 L","Cont_PFCd_2 L"
"ContA_PFCd_2 R","Cont_PFCl_23 R"
"ContA_PFCl_1 L","Cont_PFCl_6 L"
"ContA_PFCl_1 R","Cont_PFCl_9 R"
"ContA_PFCl_2 L","Cont_PFCl_7 L"
"ContA_PFCl_2 R","Cont_PFCl_10 R"
"ContA_PFCl_3 L","DorsAttn_PrCv_1 L"
"ContA_PFCl_3 R","Cont_PFCl_11 R"
"ContA_PFCl_4 L","Cont_PFCl_9 L"
"ContA_PFCl_4 R","Cont_PFCl_14 R"
"ContA_PFCl_5 L","Cont_PFCl_10 L"
"ContA_PFCl_5 R","Cont_PFCl_15 R"
"ContA_PFCl_6 L","DorsAttn_PrCv_3 L"
"ContA_PFCl_6 R","DorsAttn_PrCv_1 R"
"ContA_PFCl_7 R","Cont_PFCl_16 R"
"ContA_PFClv_1 L","Cont_PFCl_3 L"
"ContA_PFClv_2 L","Cont_PFCl_5 L"
"ContA_Temp_1 L","DorsAttn_Post_2 L"
"ContA_Temp_2 L","DorsAttn_Post_5 L"
"ContB_IPL_1 L","Default_Par_12 L"
"ContB_IPL_1 R","Cont_Par_1 R"
"ContB_IPL_2 L","Cont_Par_3 L"
"ContB_IPL_2 R","Cont_Par_3 R"
"ContB_IPL_3 L","Cont_Par_4 L"
"ContB_IPL_3 R","Default_Par_8 R"
"ContB_IPL_4 L","Cont_Par_5 L"
"ContB_IPL_4 R","Cont_Par_5 R"
"ContB_IPL_5 L","Cont_Par_6 L"
"ContB_IPL_5 R","Cont_Par_6 R"
"ContB_PFCd_1 L","Default_PFC_26 L"
"ContB_PFCl_1 L","Cont_PFCl_12 L"
"ContB_PFCl_2 L","Cont_PFCl_13 L"
"ContB_PFCld_1 R","Cont_PFCl_17 R"
"ContB_PFCld_2 R","Cont_PFCl_18 R"
"ContB_PFCld_3 R","Cont_PFCl_19 R"
"ContB_PFCld_4 R","Cont_PFCl_20 R"
"ContB_PFCld_5 R","Cont_PFCl_21 R"
"ContB_PFCld_6 R","Cont_PFCl_22 R"
"ContB_PFCld_7 R","Default_PFCdPFCm_18 R"
"ContB_PFClv_1 L","Cont_PFCl_1 L"
"ContB_PFClv_1 R","Default_PFCv_2 R"
"ContB_PFClv_2 L","Default_PFC_8 L"
"ContB_PFClv_2 R","Cont_PFCl_2 R"
"ContB_PFClv_3 L","Cont_PFCl_4 L"
"ContB_PFClv_3 R","Cont_PFCl_3 R"
"ContB_PFClv_4 R","Cont_PFCl_4 R"
"ContB_PFClv_5 R","Cont_PFCl_5 R"
"ContB_PFClv_6 R","Cont_PFCl_8 R"
"ContB_PFCmp_1 L","Cont_PFCmp_1 L"
"ContB_PFCmp_1 R","Cont_PFCmp_2 R"
"ContB_Temp_1 L","Default_Temp_4 L"
"ContB_Temp_1 R","Cont_Temp_1 R"
"ContB_Temp_2 L","Cont_Temp_1 L"
"ContB_Temp_2 R","Default_Temp_5 R"
"ContB_Temp_3 R","Cont_Temp_2 R"
"ContC_Cingp_1 L","Cont_Cing_1 L"
"ContC_Cingp_1 R","Cont_Cing_1 R"
"ContC_Cingp_2 L","Cont_Cing_3 L"
"ContC_Cingp_2 R","Cont_Cing_2 R"
"ContC_Cingp_3 R","Cont_Cing_4 R"
"ContC_pCun_1 L","Default_pCunPCC_9 L"
"ContC_pCun_1 R","Vis_39 R"
"ContC_pCun_2 L","Cont_pCun_1 L"
"ContC_pCun_2 R","Cont_pCun_1 R"
"ContC_pCun_3 L","Default_pCunPCC_15 L"
"ContC_pCun_3 R","Default_pCunPCC_13 R"
"ContC_pCun_4 L","DorsAttn_Post_21 L"
"ContC_pCun_4 R","Default_pCunPCC_14 R"
"ContC_pCun_5 L","Cont_pCun_2 L"
"ContC_pCun_5 R","Cont_pCun_2 R"
"ContC_pCun_6 L","SalVentAttn_Med_10 L"
"ContC_pCun_6 R","DorsAttn_Post_24 R"
"DefaultA_IPL_1 L","Default_Par_5 L"
"DefaultA_IPL_1 R","Default_Par_2 R"
"DefaultA_IPL_2 L","Default_Par_9 L"
"DefaultA_IPL_2 R","Default_Par_4 R"
"DefaultA_IPL_3 L","Default_Par_11 L"
"DefaultA_IPL_3 R","Default_Par_5 R"
"DefaultA_IPL_4 L","Default_Par_13 L"
"DefaultA_IPL_4 R","Default_Par_7 R"
"DefaultA_PFCd_1 L","Default_PFC_20 L"
"DefaultA_PFCd_1 R","Default_PFCdPFCm_13 R"
"DefaultA_PFCd_2 L","Default_PFC_22 L"
"DefaultA_PFCd_2 R","Default_PFCdPFCm_15 R"
"DefaultA_PFCd_3 L","Default_PFC_27 L"
"DefaultA_PFCd_3 R","Default_PFCdPFCm_16 R"
"DefaultA_PFCm_1 L","Default_PFC_4 L"
"DefaultA_PFCm_1 R","Default_PFCdPFCm_2 R"
"DefaultA_PFCm_2 L","Default_PFC_6 L"
"DefaultA_PFCm_2 R","Default_PFCdPFCm_3 R"
"DefaultA_PFCm_3 L","Default_PFC_10 L"
"DefaultA_PFCm_3 R","Default_PFCdPFCm_4 R"
"DefaultA_PFCm_4 L","Default_PFC_11 L"
"DefaultA_PFCm_4 R","Default_PFCdPFCm_5 R"
"DefaultA_PFCm_5 L","Default_PFC_13 L"
"DefaultA_PFCm_5 R","Default_PFCdPFCm_6 R"
"DefaultA_PFCm_6 L","Default_PFC_14 L"
"DefaultA_PFCm_6 R","Default_PFCdPFCm_7 R"
"DefaultA_PFCm_7 L","Default_PFC_15 L"
"DefaultA_PFCm_7 R","Default_PFCdPFCm_8 R"
"DefaultA_PFCm_8 L","Default_PFC_17 L"
"DefaultA_PFCm_8 R","Default_PFCdPFCm_9 R"
"DefaultA_Temp_1 R","Default_Temp_4 R"
"DefaultA_pCunPCC_1 L","Default_pCunPCC_2 L"
"DefaultA_pCunPCC_1 R","Default_pCunPCC_2 R"
"DefaultA_pCunPCC_10 L","Default_pCunPCC_14 L"
"DefaultA_pCunPCC_10 R","Default_pCunPCC_12 R"
"DefaultA_pCunPCC_11 L","Default_pCunPCC_16 L"
"DefaultA_pCunPCC_12 L","Default_pCunPCC_17 L"
"DefaultA_pCunPCC_2 L","Default_pCunPCC_4 L"
"DefaultA_pCunPCC_2 R","Default_pCunPCC_4 R"
"DefaultA_pCunPCC_3 L","Default_pCunPCC_6 L"
"DefaultA_pCunPCC_3 R","Default_pCunPCC_5 R"
"DefaultA_pCunPCC_4 L","Default_pCunPCC_7 L"
"DefaultA_pCunPCC_4 R","Default_pCunPCC_6 R"
"DefaultA_pCunPCC_5 L","Default_pCunPCC_8 L"
"DefaultA_pCunPCC_5 R","Default_pCunPCC_7 R"
"DefaultA_pCunPCC_6 L","Default_pCunPCC_10 L"
"DefaultA_pCunPCC_6 R","Default_pCunPCC_8 R"
"DefaultA_pCunPCC_7 L","Default_pCunPCC_11 L"
"DefaultA_pCunPCC_7 R","Default_pCunPCC_9 R"
"DefaultA_pCunPCC_8 L","Default_pCunPCC_12 L"
"DefaultA_pCunPCC_8 R","Default_pCunPCC_10 R"
"DefaultA_pCunPCC_9 L","Default_pCunPCC_13 L"
"DefaultA_pCunPCC_9 R","Default_pCunPCC_11 R"
"DefaultB_AntTemp_1 R","Default_Temp_1 R"
"DefaultB_AntTemp_2 R","Default_Temp_2 R"
"DefaultB_AntTemp_3 R","Default_Temp_3 R"
"DefaultB_IPL_1 L","Default_Par_2 L"
"DefaultB_IPL_2 L","Default_Par_6 L"
"DefaultB_IPL_3 L","Default_Par_8 L"
"DefaultB_IPL_4 L","Default_Par_10 L"
"DefaultB_PFCd_1 L","Default_PFC_16 L"
"DefaultB_PFCd_1 R","Default_PFCdPFCm_10 R"
"DefaultB_PFCd_2 L","Default_PFC_18 L"
"DefaultB_PFCd_2 R","Default_PFCdPFCm_11 R"
"DefaultB_PFCd_3 L","Default_PFC_19 L"
"DefaultB_PFCd_3 R","Default_PFCdPFCm_12 R"
"DefaultB_PFCd_4 L","Default_PFC_21 L"
"DefaultB_PFCd_4 R","Default_PFCdPFCm_14 R"
"DefaultB_PFCd_5 L","Default_PFC_25 L"
"DefaultB_PFCd_5 R","Default_PFCdPFCm_17 R"
"DefaultB_PFCd_6 L","Default_PFC_28 L"
"DefaultB_PFCd_6 R","Default_PFCdPFCm_19 R"
"DefaultB_PFCd_7 L","Default_PFC_29 L"
"DefaultB_PFCl_1 L","Default_PFC_23 L"
"DefaultB_PFCl_2 L","Default_PFC_24 L"
"DefaultB_PFCv_1 L","Default_PFC_1 L"
"DefaultB_PFCv_1 R","Default_PFCv_1 R"
"DefaultB_PFCv_2 L","Default_PFC_2 L"
"DefaultB_PFCv_2 R","Default_PFCv_3 R"
"DefaultB_PFCv_3 L","Default_PFC_3 L"
"DefaultB_PFCv_3 R","Default_PFCv_4 R"
"DefaultB_PFCv_4 L","Default_PFC_5 L"
"DefaultB_PFCv_4 R","Default_PFCv_5 R"
"DefaultB_PFCv_5 L","Default_PFC_9 L"
"DefaultB_PFCv_5 R","Default_PFCv_6 R"
"DefaultB_PFCv_6 L","Cont_PFCl_2 L"
"DefaultB_PFCv_7 L","Default_PFC_12 L"
"DefaultB_Temp_1 L","Default_Temp_1 L"
"DefaultB_Temp_1 R","Default_Temp_7 R"
"DefaultB_Temp_2 L","Default_Temp_2 L"
"DefaultB_Temp_2 R","Default_Temp_10 R"
"DefaultB_Temp_3 L","Default_Temp_3 L"
"DefaultB_Temp_4 L","Default_Temp_5 L"
"DefaultB_Temp_5 L","Default_Temp_7 L"
"DefaultB_Temp_6 L","Default_Temp_8 L"
"DefaultB_Temp_7 L","Default_Temp_10 L"
"DefaultC_IPL_1 L","Default_Par_4 L"
"DefaultC_IPL_1 R","DorsAttn_Post_5 R"
"DefaultC_IPL_2 L","Default_Par_7 L"
"DefaultC_IPL_2 R","DorsAttn_Post_7 R"
"DefaultC_IPL_3 R","Default_Par_6 R"
"DefaultC_PHC_1 L","Limbic_TempPole_11 L"
"DefaultC_PHC_1 R","Limbic_TempPole_10 R"
"DefaultC_PHC_2 L","Limbic_TempPole_12 L"
"DefaultC_PHC_2 R","Vis_1 R"
"DefaultC_PHC_3 L","Vis_3 L"
"DefaultC_PHC_3 R","Vis_8 R"
"DefaultC_PHC_4 L","Default_PHC_1 L"
"DefaultC_PHC_5 L","Vis_11 L"
"DefaultC_Rsp_1 L","Vis_25 L"
"DefaultC_Rsp_1 R","Vis_22 R"
"DefaultC_Rsp_2 L","Default_pCunPCC_1 L"
"DefaultC_Rsp_2 R","Default_pCunPCC_1 R"
"DefaultC_Rsp_3 L","Default_pCunPCC_3 L"
"DefaultC_Rsp_3 R","Default_pCunPCC_3 R"
"DefaultC_Rsp_4 L","Default_pCunPCC_5 L"
"DorsAttnA_ParOcc_1 L","Vis_29 L"
"DorsAttnA_ParOcc_1 R","Vis_25 R"
"DorsAttnA_ParOcc_2 L","Vis_32 L"
"DorsAttnA_ParOcc_2 R","DorsAttn_Post_4 R"
"DorsAttnA_ParOcc_3 L","DorsAttn_Post_7 L"
"DorsAttnA_ParOcc_3 R","DorsAttn_Post_6 R"
"DorsAttnA_ParOcc_4 L","DorsAttn_Post_8 L"
"DorsAttnA_ParOcc_4 R","Vis_38 R"
"DorsAttnA_SPL_1 L","DorsAttn_Post_9 L"
"DorsAttnA_SPL_1 R","DorsAttn_Post_8 R"
"DorsAttnA_SPL_10 L","DorsAttn_Post_24 L"
"DorsAttnA_SPL_10 R","DorsAttn_Post_26 R"
"DorsAttnA_SPL_11 L","DorsAttn_Post_25 L"
"DorsAttnA_SPL_11 R","DorsAttn_Post_28 R"
"DorsAttnA_SPL_12 R","DorsAttn_Post_29 R"
"DorsAttnA_SPL_2 L","Vis_45 L"
"DorsAttnA_SPL_2 R","Vis_44 R"
"DorsAttnA_SPL_3 L","DorsAttn_Post_10 L"
"DorsAttnA_SPL_3 R","DorsAttn_Post_14 R"
"DorsAttnA_SPL_4 L","DorsAttn_Post_13 L"
"DorsAttnA_SPL_4 R","DorsAttn_Post_17 R"
"DorsAttnA_SPL_5 L","DorsAttn_Post_15 L"
"DorsAttnA_SPL_5 R","DorsAttn_Post_18 R"
"DorsAttnA_SPL_6 L","DorsAttn_Post_17 L"
"DorsAttnA_SPL_6 R","DorsAttn_Post_19 R"
"DorsAttnA_SPL_7 L","DorsAttn_Post_19 L"
"DorsAttnA_SPL_7 R","DorsAttn_Post_21 R"
"DorsAttnA_SPL_8 L","DorsAttn_Post_20 L"
"DorsAttnA_SPL_8 R","DorsAttn_Post_22 R"
"DorsAttnA_SPL_9 L","DorsAttn_Post_22 L"
"DorsAttnA_SPL_9 R","DorsAttn_Post_25 R"
"DorsAttnA_TempOcc_1 L","DorsAttn_Post_1 L"
"DorsAttnA_TempOcc_1 R","DorsAttn_Post_1 R"
"DorsAttnA_TempOcc_2 L","Vis_1 L"
"DorsAttnA_TempOcc_2 R","DorsAttn_Post_2 R"
"DorsAttnA_TempOcc_3 L","DorsAttn_Post_3 L"
"DorsAttnA_TempOcc_3 R","Vis_12 R"
"DorsAttnA_TempOcc_4 L","Vis_10 L"
"DorsAttnA_TempOcc_5 L","DorsAttn_Post_4 L"
"DorsAttnA_TempOcc_6 L","DorsAttn_Post_6 L"
"DorsAttnB_FEF_1 L","DorsAttn_FEF_1 L"
"DorsAttnB_FEF_1 R","DorsAttn_FEF_1 R"
"DorsAttnB_FEF_2 L","DorsAttn_FEF_2 L"
"DorsAttnB_FEF_2 R","DorsAttn_FEF_3 R"
"DorsAttnB_FEF_3 L","DorsAttn_FEF_3 L"
"DorsAttnB_FEF_3 R","DorsAttn_FEF_4 R"
"DorsAttnB_FEF_4 L","DorsAttn_FEF_4 L"
"DorsAttnB_FEF_4 R","SomMot_45 R"
"DorsAttnB_PostC_1 L","SalVentAttn_ParOper_6 L"
"DorsAttnB_PostC_1 R","SalVentAttn_TempOccPar_11 R"
"DorsAttnB_PostC_10 L","DorsAttn_Post_28 L"
"DorsAttnB_PostC_10 R","DorsAttn_Post_30 R"
"DorsAttnB_PostC_11 R","DorsAttn_Post_31 R"
"DorsAttnB_PostC_12 R","SomMot_50 R"
"DorsAttnB_PostC_2 L","DorsAttn_Post_11 L"
"DorsAttnB_PostC_2 R","SalVentAttn_TempOccPar_12 R"
"DorsAttnB_PostC_3 L","DorsAttn_Post_12 L"
"DorsAttnB_PostC_3 R","SomMot_21 R"
"DorsAttnB_PostC_4 L","DorsAttn_Post_14 L"
"DorsAttnB_PostC_4 R","DorsAttn_Post_10 R"
"DorsAttnB_PostC_5 L","DorsAttn_Post_18 L"
"DorsAttnB_PostC_5 R","DorsAttn_Post_15 R"
"DorsAttnB_PostC_6 L","DorsAttn_Post_23 L"
"DorsAttnB_PostC_6 R","DorsAttn_Post_16 R"
"DorsAttnB_PostC_7 L","SomMot_36 L"
"DorsAttnB_PostC_7 R","DorsAttn_Post_20 R"
"DorsAttnB_PostC_8 L","DorsAttn_Post_26 L"
"DorsAttnB_PostC_8 R","DorsAttn_Post_23 R"
"DorsAttnB_PostC_9 L","DorsAttn_Post_27 L"
"DorsAttnB_PostC_9 R","DorsAttn_Post_27 R"
"DorsAttnB_PrCv_1 L","DorsAttn_PrCv_2 L"
"DorsAttnB_PrCv_1 R","DorsAttn_PrCv_2 R"
"DorsAttnB_TempOcc_1 R","DorsAttn_Post_3 R"
"LimbicA_TempPole_1 L","Limbic_TempPole_1 L"
"LimbicA_TempPole_1 R","Limbic_TempPole_1 R"
"LimbicA_TempPole_10 L","Limbic_TempPole_10 L"
"LimbicA_TempPole_11 L","Limbic_TempPole_13 L"
"LimbicA_TempPole_12 L","Limbic_TempPole_14 L"
"LimbicA_TempPole_2 L","Limbic_TempPole_2 L"
"LimbicA_TempPole_2 R","Limbic_TempPole_2 R"
"LimbicA_TempPole_3 L","Limbic_TempPole_3 L"
"LimbicA_TempPole_3 R","Limbic_TempPole_3 R"
"LimbicA_TempPole_4 L","Limbic_TempPole_4 L"
"LimbicA_TempPole_4 R","Limbic_TempPole_4 R"
"LimbicA_TempPole_5 L","Limbic_TempPole_5 L"
"LimbicA_TempPole_5 R","Limbic_TempPole_5 R"
"LimbicA_TempPole_6 L","Limbic_TempPole_6 L"
"LimbicA_TempPole_6 R","Limbic_TempPole_6 R"
"LimbicA_TempPole_7 L","Limbic_TempPole_7 L"
"LimbicA_TempPole_7 R","Limbic_TempPole_7 R"
"LimbicA_TempPole_8 L","Limbic_TempPole_8 L"
"LimbicA_TempPole_8 R","Limbic_TempPole_8 R"
"LimbicA_TempPole_9 L","Limbic_TempPole_9 L"
"LimbicA_TempPole_9 R","Limbic_TempPole_9 R"
"LimbicB_OFC_1 L","Limbic_OFC_1 L"
"LimbicB_OFC_1 R","Limbic_OFC_1 R"
"LimbicB_OFC_10 L","Default_PFC_7 L"
"LimbicB_OFC_10 R","Default_PFCdPFCm_1 R"
"LimbicB_OFC_11 R","Limbic_OFC_9 R"
"LimbicB_OFC_2 L","Limbic_OFC_2 L"
"LimbicB_OFC_2 R","Limbic_OFC_2 R"
"LimbicB_OFC_3 L","Limbic_OFC_3 L"
"LimbicB_OFC_3 R","Limbic_OFC_3 R"
"LimbicB_OFC_4 L","Limbic_OFC_4 L"
"LimbicB_OFC_4 R","Limbic_OFC_4 R"
"LimbicB_OFC_5 L","Limbic_OFC_5 L"
"LimbicB_OFC_5 R","Limbic_OFC_5 R"
"LimbicB_OFC_6 L","Limbic_OFC_6 L"
"LimbicB_OFC_6 R","Cont_PFCl_1 R"
"LimbicB_OFC_7 L","Cont_OFC_1 L"
"LimbicB_OFC_7 R","Limbic_OFC_6 R"
"LimbicB_OFC_8 L","Limbic_OFC_7 L"
"LimbicB_OFC_8 R","Limbic_OFC_7 R"
"LimbicB_OFC_9 L","Limbic_OFC_8 L"
"LimbicB_OFC_9 R","Limbic_OFC_8 R"
"SalVentAttnA_FrMed_1 L","SalVentAttn_Med_2 L"
"SalVentAttnA_FrMed_1 R","SalVentAttn_Med_3 R"
"SalVentAttnA_FrMed_2 L","SalVentAttn_Med_3 L"
"SalVentAttnA_FrMed_2 R","SalVentAttn_Med_4 R"
"SalVentAttnA_FrMed_3 L","SalVentAttn_Med_7 L"
"SalVentAttnA_FrMed_3 R","SomMot_24 R"
"SalVentAttnA_FrMed_4 L","SalVentAttn_Med_11 L"
"SalVentAttnA_FrMed_4 R","SalVentAttn_Med_6 R"
"SalVentAttnA_FrMed_5 L","SalVentAttn_Med_14 L"
"SalVentAttnA_FrMed_5 R","SomMot_32 R"
"SalVentAttnA_FrMed_6 R","SalVentAttn_Med_12 R"
"SalVentAttnA_FrMed_7 R","SalVentAttn_Med_13 R"
"SalVentAttnA_FrOper_1 L","SalVentAttn_FrOperIns_8 L"
"SalVentAttnA_FrOper_1 R","SalVentAttn_FrOperIns_8 R"
"SalVentAttnA_FrOper_2 L","SomMot_9 L"
"SalVentAttnA_FrOper_2 R","SomMot_10 R"
"SalVentAttnA_FrOper_3 L","SalVentAttn_FrOperIns_10 L"
"SalVentAttnA_FrOper_3 R","SalVentAttn_FrOperIns_10 R"
"SalVentAttnA_FrOper_4 L","SalVentAttn_FrOperIns_11 L"
"SalVentAttnA_FrOper_4 R","SalVentAttn_FrOperIns_11 R"
"SalVentAttnA_FrOper_5 R","SalVentAttn_FrOperIns_12 R"
"SalVentAttnA_Ins_1 L","SalVentAttn_FrOperIns_1 L"
"SalVentAttnA_Ins_1 R","SalVentAttn_FrOperIns_1 R"
"SalVentAttnA_Ins_2 L","SalVentAttn_FrOperIns_2 L"
"SalVentAttnA_Ins_2 R","Limbic_TempPole_11 R"
"SalVentAttnA_Ins_3 L","SalVentAttn_FrOperIns_3 L"
"SalVentAttnA_Ins_3 R","SalVentAttn_FrOperIns_2 R"
"SalVentAttnA_Ins_4 L","SalVentAttn_FrOperIns_5 L"
"SalVentAttnA_Ins_4 R","SalVentAttn_FrOperIns_4 R"
"SalVentAttnA_Ins_5 L","SalVentAttn_FrOperIns_6 L"
"SalVentAttnA_Ins_5 R","SalVentAttn_FrOperIns_5 R"
"SalVentAttnA_Ins_6 L","SalVentAttn_FrOperIns_7 L"
"SalVentAttnA_Ins_6 R","SalVentAttn_FrOperIns_7 R"
"SalVentAttnA_ParMed_1 L","SalVentAttn_Med_4 L"
"SalVentAttnA_ParMed_1 R","SalVentAttn_Med_5 R"
"SalVentAttnA_ParMed_2 L","SalVentAttn_Med_5 L"
"SalVentAttnA_ParMed_2 R","SomMot_25 R"
"SalVentAttnA_ParMed_3 L","SalVentAttn_Med_6 L"
"SalVentAttnA_ParMed_3 R","SalVentAttn_Med_7 R"
"SalVentAttnA_ParMed_4 L","SalVentAttn_Med_8 L"
"SalVentAttnA_ParMed_4 R","SalVentAttn_Med_8 R"
"SalVentAttnA_ParMed_5 L","SalVentAttn_Med_9 L"
"SalVentAttnA_ParMed_5 R","SalVentAttn_Med_9 R"
"SalVentAttnA_ParMed_6 L","SalVentAttn_Med_12 L"
"SalVentAttnA_ParMed_6 R","SalVentAttn_Med_10 R"
"SalVentAttnA_ParOper_1 L","SalVentAttn_ParOper_1 L"
"SalVentAttnA_ParOper_1 R","SalVentAttn_TempOccPar_5 R"
"SalVentAttnA_ParOper_2 L","SalVentAttn_ParOper_2 L"
"SalVentAttnA_ParOper_2 R","SalVentAttn_TempOccPar_6 R"
"SalVentAttnA_ParOper_3 L","SalVentAttn_ParOper_3 L"
"SalVentAttnA_ParOper_3 R","SalVentAttn_TempOccPar_7 R"
"SalVentAttnA_ParOper_4 L","SalVentAttn_ParOper_4 L"
"SalVentAttnA_ParOper_4 R","SalVentAttn_TempOccPar_9 R"
"SalVentAttnA_ParOper_5 L","SalVentAttn_ParOper_5 L"
"SalVentAttnA_ParOper_5 R","SalVentAttn_TempOccPar_10 R"
"SalVentAttnA_PrC_1 R","SalVentAttn_PrC_1 R"
"SalVentAttnB_Cinga_1 R","SalVentAttn_Med_1 R"
"SalVentAttnB_IPL_1 R","SalVentAttn_TempOccPar_8 R"
"SalVentAttnB_IPL_2 R","Cont_Par_2 R"
"SalVentAttnB_Ins_1 L","Cont_PFCv_1 L"
"SalVentAttnB_Ins_1 R","Cont_PFCv_1 R"
"SalVentAttnB_Ins_2 L","Cont_PFCv_2 L"
"SalVentAttnB_Ins_2 R","SalVentAttn_FrOperIns_3 R"
"SalVentAttnB_Ins_3 L","SalVentAttn_FrOperIns_4 L"
"SalVentAttnB_Ins_3 R","SalVentAttn_FrOperIns_6 R"
"SalVentAttnB_Ins_4 L","SalVentAttn_FrOperIns_9 L"
"SalVentAttnB_Ins_4 R","SalVentAttn_FrOperIns_9 R"
"SalVentAttnB_PFCd_1 L","SalVentAttn_Med_13 L"
"SalVentAttnB_PFCd_1 R","Cont_PFCl_24 R"
"SalVentAttnB_PFCd_2 R","Cont_PFCl_25 R"
"SalVentAttnB_PFCl_1 L","Cont_PFCl_8 L"
"SalVentAttnB_PFCl_1 R","Cont_PFCl_12 R"
"SalVentAttnB_PFCl_2 L","SalVentAttn_PFCl_1 L"
"SalVentAttnB_PFCl_2 R","Cont_PFCl_13 R"
"SalVentAttnB_PFCl_3 L","SalVentAttn_PFCl_2 L"
"SalVentAttnB_PFCl_3 R","SalVentAttn_PFCl_1 R"
"SalVentAttnB_PFCl_4 L","Cont_PFCl_11 L"
"SalVentAttnB_PFClv_1 R","Cont_PFCl_6 R"
"SalVentAttnB_PFClv_2 R","Cont_PFCl_7 R"
"SalVentAttnB_PFCmp_1 L","Cont_Cing_2 L"
"SalVentAttnB_PFCmp_1 R","Cont_PFCmp_1 R"
"SalVentAttnB_PFCmp_2 L","SalVentAttn_Med_1 L"
"SalVentAttnB_PFCmp_2 R","SalVentAttn_Med_2 R"
"SalVentAttnB_PFCmp_3 L","Cont_PFCmp_2 L"
"SalVentAttnB_PFCmp_3 R","Cont_PFCmp_3 R"
"SalVentAttnB_PFCmp_4 R","SalVentAttn_Med_11 R"
"SomMotA_1 L","SomMot_25 L"
"SomMotA_1 R","SomMot_26 R"
"SomMotA_10 L","SomMot_37 L"
"SomMotA_10 R","SomMot_37 R"
"SomMotA_11 L","SomMot_38 L"
"SomMotA_11 R","SomMot_38 R"
"SomMotA_12 L","SomMot_39 L"
"SomMotA_12 R","SomMot_39 R"
"SomMotA_13 L","SomMot_40 L"
"SomMotA_13 R","SomMot_40 R"
"SomMotA_14 L","SomMot_41 L"
"SomMotA_14 R","SomMot_41 R"
"SomMotA_15 L","SomMot_42 L"
"SomMotA_15 R","SomMot_42 R"
"SomMotA_16 L","SomMot_43 L"
"SomMotA_16 R","SomMot_43 R"
"SomMotA_17 L","SomMot_44 L"
"SomMotA_17 R","SomMot_44 R"
"SomMotA_18 L","SomMot_45 L"
"SomMotA_18 R","SomMot_46 R"
"SomMotA_19 L","SomMot_46 L"
"SomMotA_19 R","SomMot_47 R"
"SomMotA_2 L","SomMot_26 L"
"SomMotA_2 R","SomMot_27 R"
"SomMotA_20 L","SomMot_47 L"
"SomMotA_20 R","SomMot_48 R"
"SomMotA_21 L","SomMot_48 L"
"SomMotA_21 R","SomMot_49 R"
"SomMotA_22 L","SomMot_49 L"
"SomMotA_22 R","SomMot_51 R"
"SomMotA_23 L","SomMot_50 L"
"SomMotA_23 R","SomMot_52 R"
"SomMotA_24 L","SomMot_51 L"
"SomMotA_24 R","SomMot_53 R"
"SomMotA_25 L","SomMot_52 L"
"SomMotA_25 R","SomMot_54 R"
"SomMotA_26 L","SomMot_53 L"
"SomMotA_26 R","SomMot_55 R"
"SomMotA_27 L","SomMot_54 L"
"SomMotA_27 R","SomMot_56 R"
"SomMotA_28 L","SomMot_55 L"
"SomMotA_29 L","SomMot_56 L"
"SomMotA_3 L","SomMot_29 L"
"SomMotA_3 R","SomMot_29 R"
"SomMotA_4 L","SomMot_30 L"
"SomMotA_4 R","SomMot_30 R"
"SomMotA_5 L","SomMot_31 L"
"SomMotA_5 R","SomMot_31 R"
"SomMotA_6 L","SomMot_32 L"
"SomMotA_6 R","SomMot_33 R"
"SomMotA_7 L","SomMot_33 L"
"SomMotA_7 R","SomMot_34 R"
"SomMotA_8 L","SomMot_34 L"
"SomMotA_8 R","SomMot_35 R"
"SomMotA_9 L","SomMot_35 L"
"SomMotA_9 R","SomMot_36 R"
"SomMotB_Aud_1 L","SomMot_1 L"
"SomMotB_Aud_1 R","SomMot_1 R"
"SomMotB_Aud_2 L","SomMot_2 L"
"SomMotB_Aud_2 R","SomMot_3 R"
"SomMotB_Aud_3 L","SomMot_3 L"
"SomMotB_Aud_3 R","SomMot_7 R"
"SomMotB_Aud_4 L","SomMot_4 L"
"SomMotB_Aud_4 R","SomMot_9 R"
"SomMotB_Aud_5 L","SomMot_6 L"
"SomMotB_Aud_6 L","SomMot_11 L"
"SomMotB_Aud_7 L","SomMot_12 L"
"SomMotB_Cent_1 L","SomMot_19 L"
"SomMotB_Cent_1 R","SomMot_18 R"
"SomMotB_Cent_2 L","SomMot_20 L"
"SomMotB_Cent_2 R","SomMot_19 R"
"SomMotB_Cent_3 L","SomMot_21 L"
"SomMotB_Cent_3 R","SomMot_20 R"
"SomMotB_Cent_4 L","SomMot_22 L"
"SomMotB_Cent_4 R","SomMot_22 R"
"SomMotB_Cent_5 L","SomMot_23 L"
"SomMotB_Cent_5 R","SomMot_23 R"
"SomMotB_Cent_6 L","SomMot_24 L"
"SomMotB_Cent_6 R","SomMot_28 R"
"SomMotB_Cent_7 L","SomMot_27 L"
"SomMotB_Cent_8 L","SomMot_28 L"
"SomMotB_Ins_1 L","SomMot_8 L"
"SomMotB_Ins_1 R","SomMot_5 R"
"SomMotB_S2_1 L","SomMot_7 L"
"SomMotB_S2_1 R","SomMot_6 R"
"SomMotB_S2_2 L","SomMot_10 L"
"SomMotB_S2_2 R","SomMot_8 R"
"SomMotB_S2_3 L","SomMot_13 L"
"SomMotB_S2_3 R","SomMot_12 R"
"SomMotB_S2_4 L","SomMot_14 L"
"SomMotB_S2_4 R","SomMot_13 R"
"SomMotB_S2_5 L","SomMot_15 L"
"SomMotB_S2_5 R","SomMot_14 R"
"SomMotB_S2_6 L","SomMot_16 L"
"SomMotB_S2_6 R","SomMot_15 R"
"SomMotB_S2_7 L","SomMot_17 L"
"SomMotB_S2_7 R","SomMot_16 R"
"SomMotB_S2_8 L","SomMot_18 L"
"SomMotB_S2_8 R","SomMot_17 R"
"TempPar_1 L","Default_Temp_6 L"
"TempPar_1 R","Default_Temp_6 R"
"TempPar_10 R","Default_Par_1 R"
"TempPar_11 R","SomMot_11 R"
"TempPar_12 R","SalVentAttn_TempOccPar_4 R"
"TempPar_13 R","Default_Par_3 R"
"TempPar_2 L","Default_Temp_9 L"
"TempPar_2 R","Default_Temp_8 R"
"TempPar_3 L","Default_Temp_11 L"
"TempPar_3 R","Default_Temp_9 R"
"TempPar_4 L","Default_Temp_12 L"
"TempPar_4 R","SomMot_2 R"
"TempPar_5 L","SomMot_5 L"
"TempPar_5 R","Default_Temp_11 R"
"TempPar_6 L","SalVentAttn_TempOcc_1 L"
"TempPar_6 R","SomMot_4 R"
"TempPar_7 L","Default_Par_1 L"
"TempPar_7 R","SalVentAttn_TempOccPar_1 R"
"TempPar_8 L","Default_Par_3 L"
"TempPar_8 R","SalVentAttn_TempOccPar_2 R"
"TempPar_9 R","SalVentAttn_TempOccPar_3 R"
"VisCent_ExStr_1 L","Vis_2 L"
"VisCent_ExStr_1 R","Vis_2 R"
"VisCent_ExStr_10 L","Vis_23 L"
"VisCent_ExStr_10 R","Vis_19 R"
"VisCent_ExStr_11 L","Vis_27 L"
"VisCent_ExStr_11 R","Vis_26 R"
"VisCent_ExStr_12 L","Vis_30 L"
"VisCent_ExStr_12 R","Vis_28 R"
"VisCent_ExStr_13 L","Vis_34 L"
"VisCent_ExStr_13 R","Vis_30 R"
"VisCent_ExStr_14 L","Vis_35 L"
"VisCent_ExStr_14 R","Vis_32 R"
"VisCent_ExStr_15 L","Vis_36 L"
"VisCent_ExStr_15 R","Vis_33 R"
"VisCent_ExStr_16 L","Vis_40 L"
"VisCent_ExStr_16 R","Vis_34 R"
"VisCent_ExStr_17 L","Vis_43 L"
"VisCent_ExStr_17 R","Vis_40 R"
"VisCent_ExStr_18 R","Vis_42 R"
"VisCent_ExStr_2 L","Vis_4 L"
"VisCent_ExStr_2 R","Vis_3 R"
"VisCent_ExStr_3 L","Vis_5 L"
"VisCent_ExStr_3 R","Vis_4 R"
"VisCent_ExStr_4 L","Vis_6 L"
"VisCent_ExStr_4 R","Vis_5 R"
"VisCent_ExStr_5 L","Vis_7 L"
"VisCent_ExStr_5 R","Vis_7 R"
"VisCent_ExStr_6 L","Vis_8 L"
"VisCent_ExStr_6 R","Vis_9 R"
"VisCent_ExStr_7 L","Vis_14 L"
"VisCent_ExStr_7 R","Vis_10 R"
"VisCent_ExStr_8 L","Vis_15 L"
"VisCent_ExStr_8 R","Vis_11 R"
"VisCent_ExStr_9 L","Vis_18 L"
"VisCent_ExStr_9 R","Vis_17 R"
"VisCent_Striate_1 L","Vis_16 L"
"VisCent_Striate_1 R","Vis_15 R"
"VisCent_Striate_2 L","Vis_24 L"
"VisCent_Striate_2 R","Vis_23 R"
"VisCent_Striate_3 L","Vis_26 L"
"VisCent_Striate_3 R","Vis_24 R"
"VisPeri_ExStrInf_1 L","Vis_9 L"
"VisPeri_ExStrInf_1 R","Vis_6 R"
"VisPeri_ExStrInf_2 L","Vis_12 L"
"VisPeri_ExStrInf_2 R","Vis_13 R"
"VisPeri_ExStrInf_3 L","Vis_13 L"
"VisPeri_ExStrInf_3 R","Vis_14 R"
"VisPeri_ExStrInf_4 L","Vis_17 L"
"VisPeri_ExStrInf_4 R","Vis_16 R"
"VisPeri_ExStrInf_5 L","Vis_21 L"
"VisPeri_ExStrInf_5 R","Vis_20 R"
"VisPeri_ExStrSup_1 L","Vis_31 L"
"VisPeri_ExStrSup_1 R","Vis_31 R"
"VisPeri_ExStrSup_2 L","Vis_37 L"
"VisPeri_ExStrSup_2 R","Vis_35 R"
"VisPeri_ExStrSup_3 L","Vis_38 L"
"VisPeri_ExStrSup_3 R","Vis_36 R"
"VisPeri_ExStrSup_4 L","Vis_39 L"
"VisPeri_ExStrSup_4 R","Vis_37 R"
"VisPeri_ExStrSup_5 L","Vis_41 L"
"VisPeri_ExStrSup_5 R","Vis_41 R"
"VisPeri_ExStrSup_6 L","Vis_42 L"
"VisPeri_ExStrSup_6 R","Vis_43 R"
"VisPeri_ExStrSup_7 L","Vis_44 L"
"VisPeri_StriCal_1 L","Vis_19 L"
"VisPeri_StriCal_1 R","Vis_18 R"
"VisPeri_StriCal_2 L","Vis_20 L"
"VisPeri_StriCal_2 R","Vis_21 R"
"VisPeri_StriCal_3 L","Vis_22 L"
"VisPeri_StriCal_3 R","Vis_27 R"
"VisPeri_StriCal_4 L","Vis_28 L"
"VisPeri_StriCal_4 R","Vis_29 R"
"VisPeri_StriCal_5 L","Vis_33 L"
