Pathway,Power correlation,Current dipole correlation
kb_util,0.2697,0.2125
kb_metabolism,0.2564,0.2104
pdk,0.2223,0.2574
ros_detox,0.215,0.1901
complex3,0.1953,0.1528
complex1,0.1908,0.1375
etc,0.1742,0.1134
oxphos,0.1723,0.115
atpsynth,0.1713,0.1358
kb_synth,0.1678,0.1472
pc,-0.1424,-0.1815
pdp,0.1401,0.1432
gln_glu_cycle,-0.1326,-0.1488
betaox,0.1223,0.1461
lactate_transport,-0.1075,-0.1239
glycolysis,0.1021,0.0539
complex2,0.0921,-0.0074
mas,-0.09,-0.1312
pdc,0.077,0.0745
complex4,0.0756,0.015
gps,-0.0635,0.0139
tca,0.0622,-0.0198
fa_metabolism,0.0561,0.0607
fa_synth,-0.0503,-0.0715
glycogen_synth,0.0444,0.0083
atpase,-0.044,-0.1105
ros_gen,0.0386,0.0264
ppp,0.0385,-0.0476
lactate_metabolism,0.0239,-0.0291
creatine,-0.0189,-0.0818
no_signalling,-0.0133,0.0392
glycogen_metabolism,0.0046,-0.0429
glycogen_cat,-0.0028,0.0353
lactate,0.002,-0.048
